{
    "Nitrox_AddServer": "Přidat Server",
    "Nitrox_AddServerAdd": "Přidat",
    "Nitrox_AddServerHost": "Host:",
    "Nitrox_AddServerName": "Jméno:",
    "Nitrox_AddServerPort": "Port:",
    "Nitrox_Cancel": "Zrušit",
    "Nitrox_CommandNotAvailable": "Tento příkaz není dostupný v Nitroxu",
    "Nitrox_ConnectTo": "Připojit se na",
    "Nitrox_DisconnectedSession": "Odpojen ze serveru",
    "Nitrox_DiscordAccept": "Přijmout",
    "Nitrox_DiscordDecline": "Odmítnout",
    "Nitrox_DiscordPressToFocus": "Stiskni pro odemčení",
    "Nitrox_DiscordRequestText": "Požádán k připojení do tvé hry",
    "Nitrox_EnterName": "Jméno Hráče",
    "Nitrox_FirewallInterfering": "Vypadá to že nastavení vaší brány firewall je nesprávné",
    "Nitrox_HideIp": "Skrýt IP adresu",
    "Nitrox_InvalidUserName": "Prosím vložte platné hráčské jméno !\n\nNesmí obsahovat žádnou mezeru nebo pochybné znaky\nPovolené znaky: A-Z a-z 0-9 _ . -\nDélka : [3, 25]",
    "Nitrox_Join": "Připojit se",
    "Nitrox_JoinServerFailed": "Nepodařilo se připojit k serveru",
    "Nitrox_JoinServerIpAddress": "IP Serveru",
    "Nitrox_JoinServerPassword": "Heslo:",
    "Nitrox_JoinServerPasswordHeader": "Server vyžaduje heslo",
    "Nitrox_JoiningSession": "Připojování k serveru",
    "Nitrox_LaunchGame": "Spouštení hry…",
    "Nitrox_LoadingScreenWarn": "Očekávejte herní chyby které mohou kazit hru",
    "Nitrox_LostConnection": "Připojení k serveru ztraceno",
    "Nitrox_LostConnectionWarn": "Již nepřipojen k serveru",
    "Nitrox_Multiplayer": "Multiplayer",
    "Nitrox_MultiplayerLoaded": "Multiplayerový klient načten…",
    "Nitrox_PlayerColor": "Barva Hráče",
    "Nitrox_PlayerKicked": "Byl jsi vyhozen ze serveru",
    "Nitrox_RejectedSessionPolicy": "Rezervace odmítnuta…",
    "Nitrox_RequestingSessionPolicy": "Požadování informací o stávající relaci…",
    "Nitrox_ServerStopped": "Server byl zastaven",
    "Nitrox_SilenceChat": "Tichý chat",
    "Nitrox_SilencedChatNotif": "Chat je nyní tichý",
    "Nitrox_StartServer": "Pro připojení na vlastní hostovaný svět je potřeba zapnout server",
    "Nitrox_StreamerSettings": "Režim streamování",
    "Nitrox_SubmitPassword": "Potvrdit",
    "Nitrox_SyncingWorld": "Synchronizování Multiplayerového Světa…",
    "Nitrox_UnableToConnect": "Nepodařilo se kontaktovat vzdálený server na:",
    "Nitrox_Waiting": "Čekání ve frontě připojení…",
    "Nitrox_WaitingPassword": "Čekání na zadání serverového hesla…",
    "Nitrox_WaitingUserInput": "Čekání na uživatelský vstup…",
    "Nitrox_WorldSettling": "Čekání na načtení světa…"
}
