{
    "Nitrox_AddServer": "Tilføj server",
    "Nitrox_AddServerAdd": "Tilføj",
    "Nitrox_AddServerHost": "Host:",
    "Nitrox_AddServerName": "Navn:",
    "Nitrox_AddServerPort": "Port:",
    "Nitrox_Cancel": "Annuller",
    "Nitrox_CommandNotAvailable": "Denne kommando er ikke tilgængelig i Nitrox",
    "Nitrox_ConnectTo": "Forbind til",
    "Nitrox_DisconnectedSession": "Afbrudt fra server",
    "Nitrox_DiscordAccept": "Accepter",
    "Nitrox_DiscordDecline": "Afvis",
    "Nitrox_DiscordPressToFocus": "Tryk for at låse op",
    "Nitrox_DiscordRequestText": "Vil gerne spille med",
    "Nitrox_EnterName": "Spillernavn",
    "Nitrox_FirewallInterfering": "Det ser ud til, at dine firewallindstillinger forstyrrer",
    "Nitrox_HideIp": "Skjul IP-adresser",
    "Nitrox_InvalidUserName": "Indtast venligst et gyldigt navn!\n\n Det må ikke indeholde mellemrum eller tvivlsomme tegn\n Tilladte tegn : A-Z a-z 0-9 _ . -\nLængde : [3, 25]",
    "Nitrox_Join": "Deltag",
    "Nitrox_JoinServerFailed": "Kunne ikke forbinde til serveren",
    "Nitrox_JoinServerIpAddress": "Server IP",
    "Nitrox_JoinServerPassword": "Adgangskode:",
    "Nitrox_JoinServerPasswordHeader": "Server adgangskode påkrævet",
    "Nitrox_JoiningSession": "Deltager i spil",
    "Nitrox_LaunchGame": "Starter spil…",
    "Nitrox_LoadingScreenWarn": "Forvent spil-ødelæggene fejl",
    "Nitrox_LostConnection": "Mistede forbindelsen til serveren",
    "Nitrox_LostConnectionWarn": "Er ikke længere forbundet",
    "Nitrox_Multiplayer": "Multiplayer",
    "Nitrox_MultiplayerLoaded": "Multiplayer-klient indlæst…",
    "Nitrox_PlayerColor": "Spillerfarve",
    "Nitrox_PlayerKicked": "Du er blevet smidt ud fra serveren",
    "Nitrox_RejectedSessionPolicy": "Reservation afvist…",
    "Nitrox_RequestingSessionPolicy": "Anmoder om serverens spil information",
    "Nitrox_ServerStopped": "Serveren er stoppet",
    "Nitrox_SilenceChat": "Slå chat fra",
    "Nitrox_SilencedChatNotif": "Chat er nu slået fra",
    "Nitrox_StartServer": "Start din server først for at deltage i din selvhostede verden",
    "Nitrox_StreamerSettings": "Streamer-tilstand",
    "Nitrox_SubmitPassword": "Forbind",
    "Nitrox_SyncingWorld": "Synkronisere multiplayer verden…",
    "Nitrox_UnableToConnect": "Kan ikke kontakte den eksterne server på:",
    "Nitrox_Waiting": "Venter i forbindelseskøen…",
    "Nitrox_WaitingPassword": "Venter på serveradgangskode…",
    "Nitrox_WaitingUserInput": "Venter på brugerens input…",
    "Nitrox_WorldSettling": "Afventer verdens afvikling…"
}
