{
    "Nitrox_AddServer": "Server hinzufügen",
    "Nitrox_AddServerAdd": "Hinzufügen",
    "Nitrox_AddServerHost": "Host:",
    "Nitrox_AddServerName": "Name:",
    "Nitrox_AddServerPort": "Port:",
    "Nitrox_Cancel": "Abbrechen",
    "Nitrox_CommandNotAvailable": "Dieser Befehl ist in Nitrox nicht verfügbar",
    "Nitrox_ConnectTo": "Verbinden mit",
    "Nitrox_DisconnectedSession": "Die Verbindung zum Server wurde unterbrochen",
    "Nitrox_DiscordAccept": "Akzeptieren",
    "Nitrox_DiscordDecline": "Ablehnen",
    "Nitrox_DiscordInGame": "Spielt als {PLAYER} - (Papela Mod)",
    "Nitrox_DiscordInGameState": "Taucht in den Abgrund",
    "Nitrox_DiscordMainMenuState": "Verweilt im Hauptmenü",
    "Nitrox_DiscordMultiplayerMenu": "Bitte drücke auf den Mehrspieler-Knopf im Hauptmenü wenn du einer Session beitreten willst",
    "Nitrox_DiscordPressToFocus": "Drücke zum Interagieren",
    "Nitrox_DiscordRequestText": "Erbittet deinem Server beizutreten",
    "Nitrox_EnterName": "Geben Sie Ihren Spielernamen ein",
    "Nitrox_Failure": "Ein Fehler ist aufgetreten",
    "Nitrox_FirewallInterfering": "Es scheint als ob Firewall Einstellungen die Verbindung blockieren",
    "Nitrox_HideIp": "IPs verstecken",
    "Nitrox_HidePing": "Signal verstecken",
    "Nitrox_InvalidUserName": "Bitte gebe einen validen Spielernamen ein.\n\nDieser darf kein Leerzeichen oder andere invalide Zeichen beinhalten\nErlaubte Zeichen : A-Z a-z 0-9 _ . -\nLänge: [3, 25]",
    "Nitrox_Join": "Beitreten",
    "Nitrox_JoinServerFailed": "Die Verbindung zum Server ist gescheitert",
    "Nitrox_JoinServerIpAddress": "Server IP",
    "Nitrox_JoinServerPassword": "Passwort:",
    "Nitrox_JoinServerPasswordHeader": "Serverpasswort benötigt",
    "Nitrox_JoiningSession": "Betrete Mehrspieler-Welt",
    "Nitrox_Kick": "{PLAYER} entfernen",
    "Nitrox_KickQuestion": "Wollen Sie {PLAYER} entfernen?",
    "Nitrox_LaunchGame": "Starte das Spiel…",
    "Nitrox_LoadingScreenWarn": "Version Geändert von Papela\nSpiel brechende Fehler sind zu erwarten",
    "Nitrox_LostConnection": "Die Verbindung zum Spiel-Server wurde unterbrochen",
    "Nitrox_LostConnectionWarn": "Nicht länger Verbunden mit dem Server",
    "Nitrox_Multiplayer": "Mehrspieler",
    "Nitrox_MultiplayerLoaded": "Mehrspieler-Anwendung wurde gestartet…",
    "Nitrox_Mute": "{PLAYER} stumm schalten",
    "Nitrox_MuteQuestion": "Wollen Sie {PLAYER} stumm schalten?",
    "Nitrox_MutedPlayer": "{PLAYER} wurde stumm geschaltet",
    "Nitrox_PlayerColor": "Spieler Farbe",
    "Nitrox_PlayerKicked": "Du wurdest vom Server geworfen",
    "Nitrox_PlayerListTabName": "Spieler Liste",
    "Nitrox_RejectedSessionPolicy": "Anfrage wurde abgelehnt…",
    "Nitrox_RequestingSessionPolicy": "Frage nach Informationen zu den Sitzungsrichtlinien…",
    "Nitrox_ServerStopped": "Der Server wurde gestoppt",
    "Nitrox_ShowPing": "Signal anzeigen",
    "Nitrox_SilenceChat": "Chat stumm schalten",
    "Nitrox_SilencedChatNotif": "Chat ist nun stumm geschaltet",
    "Nitrox_StartServer": "Bitte starte zuerst den Server um deine selbst gehostete Welt zu betreten",
    "Nitrox_StreamerSettings": "Streamer Einstellungen",
    "Nitrox_SubmitPassword": "Bestätigen",
    "Nitrox_SyncingWorld": "Synchronisiere Mehrspieler-Welt…",
    "Nitrox_TeleportTo": "Zu {PLAYER} teleportieren",
    "Nitrox_TeleportToMe": "{PLAYER} zu mir teleportieren",
    "Nitrox_TeleportToMeQuestion": "Willst du {PLAYER} zu dir teleportieren?",
    "Nitrox_TeleportToQuestion": "Zum {PLAYER} teleportieren?",
    "Nitrox_ThankForPlaying": "Danke dafür, dass du Nitrox benutzt hast!",
    "Nitrox_UnableToConnect": "Der Server kann unter folgender Adresse nicht erreicht werden:",
    "Nitrox_Unmute": "{PLAYER} laut schalten",
    "Nitrox_UnmuteQuestion": "Willst du {PLAYER} laut schalten?",
    "Nitrox_UnmutedPlayer": "{PLAYER} wurde laut geschaltet",
    "Nitrox_Waiting": "Warte in der Beitrittswarteschlange…",
    "Nitrox_WaitingPassword": "Warte auf Eingabe des Server Passworts…",
    "Nitrox_WaitingUserInput": "Warte auf Nutzereingaben…",
    "Nitrox_WorldSettling": "Warte auf das Laden der Welt…"
}
