{
    "Nitrox_AddServer": "Προσθήκη διακομιστή",
    "Nitrox_AddServerAdd": "Πρόσθεσε",
    "Nitrox_AddServerHost": "Kεντρικός Διακομιστής:",
    "Nitrox_AddServerName": "'Ονομα:",
    "Nitrox_AddServerPort": "Θύρα διακομιστή:",
    "Nitrox_Cancel": "Άκυρο",
    "Nitrox_CommandNotAvailable": "Αυτή η εντολή δεν είναι διαθέσιμη στο Nitrox",
    "Nitrox_ConnectTo": "Σύνδεση με",
    "Nitrox_DisconnectedSession": "Αποσυνδέση από τον διακομιστή",
    "Nitrox_DiscordAccept": "Αποδέχομαι",
    "Nitrox_DiscordDecline": "Αρνούμαι",
    "Nitrox_DiscordPressToFocus": "Πατήστε για ξεκλείδωμα",
    "Nitrox_DiscordRequestText": "Ζητήθηκε να συμμετάσχει στο παιχνίδη σας",
    "Nitrox_EnterName": "Εισαγάγετε το όνομα του παίκτη σας",
    "Nitrox_FirewallInterfering": "Φαίνεται ότι οι ρυθμίσεις του τείχους προστασίας σας παρεμβαίνουν",
    "Nitrox_HideIp": "Απόκρυψη διευθύνσεων IP",
    "Nitrox_InvalidUserName": "Εισαγάγετε ένα έγκυρο όνομα παίκτη.\n\nΔεν μπορεί να περιέχει κενό χώρο ή αμφίβολους χαρακτήρες\nΕπιτρεπόμενοι χαρακτήρες : A-Z a-z 0-9 _ . -\nΜήκος: [3, 25]",
    "Nitrox_Join": "Σύνδεση",
    "Nitrox_JoinServerFailed": "Δεν είναι δυνατή η σύνδεση στον διακομιστή",
    "Nitrox_JoinServerIpAddress": "IP του διακομιστή",
    "Nitrox_JoinServerPassword": "Κωδικός πρόσβασης:",
    "Nitrox_JoinServerPasswordHeader": "Απαιτείται κωδικός πρόσβασης διακομιστή",
    "Nitrox_JoiningSession": "Σύνδεση σε συνεδρία πολλών παικτών",
    "Nitrox_LaunchGame": "Έναρξη παιχνιδιού…",
    "Nitrox_LoadingScreenWarn": "Αναμένετε σφάλματα που θα σπάσουν το παιχνίδι",
    "Nitrox_LostConnection": "Χάθηκε η σύνδεση με τον διακομιστή του παιχνιδιού",
    "Nitrox_LostConnectionWarn": "Δεν υπάρχει σύνδεση με τον διακομιστή",
    "Nitrox_Multiplayer": "Multiplayer",
    "Nitrox_MultiplayerLoaded": "Φόρτωση προγράμματος-πελάτη για πολλούς παίκτες…",
    "Nitrox_PlayerColor": "Χρώμα Παίκτη",
    "Nitrox_PlayerKicked": "Σας έδιωξαν από τον διακομιστή",
    "Nitrox_RejectedSessionPolicy": "Η κράτηση απορρίφθηκε…",
    "Nitrox_RequestingSessionPolicy": "Αίτημα πληροφοριών περιόδου σύνδεσης…",
    "Nitrox_ServerStopped": "Ο διακομιστής σταμάτησε",
    "Nitrox_SilenceChat": "Σίγαση συνομιλίας",
    "Nitrox_SilencedChatNotif": "Η συνομιλία είναι πλέον σε σίγαση",
    "Nitrox_StartServer": "Ξεκινήστε πρώτα τον διακομιστή σας για να συνδεθείτε στον κόσμο σας",
    "Nitrox_StreamerSettings": "Λειτουργία ροής (για streamers)",
    "Nitrox_SubmitPassword": "Υποβολή",
    "Nitrox_SyncingWorld": "Συγχρονισμός κόσμου για πολλούς παίκτες…",
    "Nitrox_UnableToConnect": "Δεν είναι δυνατή η επικοινωνία με τον διακομιστή στη διεύθυνση:",
    "Nitrox_Waiting": "Αναμονή στην ουρά συμμετοχής…",
    "Nitrox_WaitingPassword": "Αναμονή για εισαγωγή κωδικού πρόσβασης διακομιστή…",
    "Nitrox_WaitingUserInput": "Αναμονή για εισαγωγή από τον χρήστη…",
    "Nitrox_WorldSettling": "Αναμονή Τακτοποίηση Κόσμου…"
}
