{
    "Nitrox_AddServer": "Añadir Servidor",
    "Nitrox_AddServerAdd": "Añadir",
    "Nitrox_AddServerHost": "Anfitrión:",
    "Nitrox_AddServerName": "Nombre:",
    "Nitrox_AddServerPort": "Puerto:",
    "Nitrox_Cancel": "Cancelar",
    "Nitrox_CommandNotAvailable": "Este comando no esta disponible en Nitrox",
    "Nitrox_ConnectTo": "Conectarse a",
    "Nitrox_DisconnectedSession": "Desconectado del servidor",
    "Nitrox_DiscordAccept": "Aceptar",
    "Nitrox_DiscordDecline": "Rechazar",
    "Nitrox_DiscordInGame": "Jugando como {PLAYER} - (Papela Mod)",
    "Nitrox_DiscordInGameState": "Sumirgiendose en el abismo",
    "Nitrox_DiscordMainMenuState": "Dando un vistazo al menu",
    "Nitrox_DiscordMultiplayerMenu": "Por favor presione el botón Multijugador en el Menu Principal si quieres unirte a una sesión",
    "Nitrox_DiscordPressToFocus": "Presiona para desbloquear",
    "Nitrox_DiscordRequestText": "Solicitó entrar a tu sesión",
    "Nitrox_EnterName": "Ingresa tu nombre de jugador",
    "Nitrox_Failure": "Ha ocurrido un error",
    "Nitrox_FirewallInterfering": "Parece que los ajustes del cortafuegos están interfiriendo",
    "Nitrox_HideIp": "Ocultar dirección IP",
    "Nitrox_HidePing": "Ocultar Latencia",
    "Nitrox_InvalidUserName": "Por favor ingresa un nombre de jugador válido\n\nNo puede contener espacios o carácteres extraños\nCarácteres permitidos: A-Z a-z 0-9 _ .\nLargo: [3, 25]",
    "Nitrox_Join": "Unirse",
    "Nitrox_JoinServerFailed": "No se pudo unir al servidor",
    "Nitrox_JoinServerIpAddress": "IP del Servidor",
    "Nitrox_JoinServerPassword": "Contraseña:",
    "Nitrox_JoinServerPasswordHeader": "Contraseña del Servidor requerida",
    "Nitrox_JoiningSession": "Uniendose a Sesión Multijugador",
    "Nitrox_Kick": "Expulsar a {PLAYER}",
    "Nitrox_KickQuestion": "¿Expulsar a {PLAYER}?",
    "Nitrox_LaunchGame": "Abriendo juego…",
    "Nitrox_LoadingScreenWarn": "Version Modificada por Papela\nEspera errores que pueden romper el juego",
    "Nitrox_LostConnection": "Se perdió la conexión al servidor del juego",
    "Nitrox_LostConnectionWarn": "Ya no estás conectado al servidor",
    "Nitrox_Multiplayer": "Multijugador",
    "Nitrox_MultiplayerLoaded": "Cliente multijugador cargado…",
    "Nitrox_Mute": "Silenciar a {PLAYER}",
    "Nitrox_MuteQuestion": "¿Silenciar a {PLAYER}?",
    "Nitrox_MutedPlayer": "{PLAYER} Silenciado",
    "Nitrox_PlayerColor": "Color de Jugador",
    "Nitrox_PlayerKicked": "Has sido expulsado del servidor",
    "Nitrox_PlayerListTabName": "Lista de Jugadores",
    "Nitrox_RejectedSessionPolicy": "Reserva Rechazada…",
    "Nitrox_RequestingSessionPolicy": "Solicitando la información sobre la política de sesiones…",
    "Nitrox_ServerStopped": "El servidor se detuvo",
    "Nitrox_ShowPing": "Mostrar Latencia",
    "Nitrox_SilenceChat": "Silenciar Chat",
    "Nitrox_SilencedChatNotif": "El chat esta silenciado",
    "Nitrox_StartServer": "Primero inicia tu servidor para unirte a tu propio servidor alojado",
    "Nitrox_StreamerSettings": "Modo Streamer",
    "Nitrox_SubmitPassword": "Enviar",
    "Nitrox_SyncingWorld": "Sincronizando mundo multijugador…",
    "Nitrox_TeleportTo": "Teleportarse a {PLAYER}",
    "Nitrox_TeleportToMe": "Teleportar {PLAYER} hacia mi",
    "Nitrox_TeleportToMeQuestion": "¿Teleportar a {PLAYER} hacia mi?",
    "Nitrox_TeleportToQuestion": "¿Teletransportarse a {PLAYER}?",
    "Nitrox_ThankForPlaying": "Gracias por usar Nitrox!",
    "Nitrox_UnableToConnect": "No se pudo contactar al servidor remoto en:",
    "Nitrox_Unmute": "Dejar de silenciar a {PLAYER}",
    "Nitrox_UnmuteQuestion": "¿Dejar de silenciar a {PLAYER}?",
    "Nitrox_UnmutedPlayer": "Dejaste de silenciar a {PLAYER}",
    "Nitrox_Waiting": "Esperando en cola para unirse…",
    "Nitrox_WaitingPassword": "Esperando el ingreso de la contraseña del servidor…",
    "Nitrox_WaitingUserInput": "Esperando a que el usuario escriba…",
    "Nitrox_WorldSettling": "Esperando Asentamiento del mundo…"
}
