{
    "Nitrox_AddServer": "Añadir servidor",
    "Nitrox_AddServerAdd": "Añadir",
    "Nitrox_AddServerHost": "Dirección:",
    "Nitrox_AddServerName": "Nombre:",
    "Nitrox_AddServerPort": "Port:",
    "Nitrox_Cancel": "Cancelar",
    "Nitrox_CommandNotAvailable": "Este comando no está disponible con Nitrox",
    "Nitrox_ConnectTo": "Conectarse a",
    "Nitrox_DisconnectedSession": "Desconectado del servidor",
    "Nitrox_DiscordAccept": "Aceptar",
    "Nitrox_DiscordDecline": "Cancelar",
    "Nitrox_DiscordInGame": "Jugando como {PLAYER} - (Papela Mod)",
    "Nitrox_DiscordInGameState": "Sumergirse en el abismo",
    "Nitrox_DiscordMainMenuState": "Acechando en el menú",
    "Nitrox_DiscordMultiplayerMenu": "Si quieres unirte a una sesión, pulsa el botón Multiplayer del menú principal",
    "Nitrox_DiscordPressToFocus": "Pulse para desbloquear",
    "Nitrox_DiscordRequestText": "Solicita unirse a la sesión",
    "Nitrox_EnterName": "Nombre del jugador",
    "Nitrox_Failure": "Se ha producido un error",
    "Nitrox_FirewallInterfering": "Parece que la configuración de tu cortafuegos está interfiriendo",
    "Nitrox_HideIp": "Ocultar IPs",
    "Nitrox_HidePing": "Ocultar señal",
    "Nitrox_InvalidUserName": "Por favor, introduzca un nombre de jugador válido !\n\nNo debe contener ningún espacio o caracteres dudosos\nCaracteres permitidos : A-Z a-z 0-9 _ . -\nLargo : [3, 25]",
    "Nitrox_Join": "Entrar",
    "Nitrox_JoinServerFailed": "Error al conectar con el servidor",
    "Nitrox_JoinServerIpAddress": "Dirección del servidor",
    "Nitrox_JoinServerPassword": "Contraseña:",
    "Nitrox_JoinServerPasswordHeader": "Contraseña requerido",
    "Nitrox_JoiningSession": "Conectando con el mundo multijugador",
    "Nitrox_Kick": "Expulsar a {PLAYER}",
    "Nitrox_KickQuestion": "¿Expulsar a {PLAYER}?",
    "Nitrox_LaunchGame": "Lanzamiento de la partida…",
    "Nitrox_LoadingScreenWarn": "Version Modificada por Papela\nEspere alguna inestabilidad",
    "Nitrox_LostConnection": "Conexión perdida al servidor",
    "Nitrox_LostConnectionWarn": "Ya no está conectado al servidor",
    "Nitrox_Multiplayer": "Multijugador",
    "Nitrox_MultiplayerLoaded": "Cliente multijugador cargado…",
    "Nitrox_Mute": "Silenciar a {PLAYER}",
    "Nitrox_MuteQuestion": "¿Silenciar a {PLAYER}?",
    "Nitrox_MutedPlayer": "{PLAYER} Silenciado",
    "Nitrox_PlayerColor": "Color",
    "Nitrox_PlayerKicked": "Expulsado del servidor",
    "Nitrox_PlayerListTabName": "Lista de Jugadores",
    "Nitrox_RejectedSessionPolicy": "Reservación rechazada…",
    "Nitrox_RequestingSessionPolicy": "Conectando con el servidor…",
    "Nitrox_ServerStopped": "El servidor se ha parado",
    "Nitrox_ShowPing": "Mostrar señal",
    "Nitrox_SilenceChat": "Silenciar el chat",
    "Nitrox_SilencedChatNotif": "Se silencia el chat",
    "Nitrox_StartServer": "Inicie su servidor para alcanzar a su mundo",
    "Nitrox_StreamerSettings": "Modo streamer",
    "Nitrox_SubmitPassword": "Enviar contraseña",
    "Nitrox_SyncingWorld": "Sincronización del mundo multijugador…",
    "Nitrox_TeleportTo": "Teleportar hacia {PLAYER}",
    "Nitrox_TeleportToMe": "Teleportar {PLAYER} hacia mi",
    "Nitrox_TeleportToMeQuestion": "¿Teleportar {PLAYER} hacia mi?",
    "Nitrox_TeleportToQuestion": "¿Teleportar hacia {PLAYER}?",
    "Nitrox_ThankForPlaying": "¡Gracias por utilizar Nitrox!",
    "Nitrox_UnableToConnect": "Error al conectar con el servidor :",
    "Nitrox_Unmute": "Dejar de silenciar a {PLAYER}",
    "Nitrox_UnmuteQuestion": "¿Dejar de silenciar a {PLAYER}?",
    "Nitrox_UnmutedPlayer": "Has dejado de silenciar a {PLAYER}",
    "Nitrox_Waiting": "Esperando en cola para unirse…",
    "Nitrox_WaitingPassword": "Esperando contraseña…",
    "Nitrox_WaitingUserInput": "Esperando información del jugador…",
    "Nitrox_WorldSettling": "Cargando mundo…"
}
