{
    "Nitrox_AddServer": "Lisa Server",
    "Nitrox_AddServerAdd": "Lisa",
    "Nitrox_AddServerHost": "Tee Server:",
    "Nitrox_AddServerName": "Nimi:",
    "Nitrox_AddServerPort": "Port:",
    "Nitrox_Cancel": "Lõpeta",
    "Nitrox_CommandNotAvailable": "Sellist käsku pole olemas Nitroxis",
    "Nitrox_ConnectTo": "Ühenda",
    "Nitrox_DisconnectedSession": "Serverist lahkunud",
    "Nitrox_DiscordAccept": "Võta vastu",
    "Nitrox_DiscordDecline": "Ära võta vastu",
    "Nitrox_DiscordPressToFocus": "Vajuta et avada",
    "Nitrox_DiscordRequestText": "Tahtis sinu mängu tulla",
    "Nitrox_EnterName": "Sisesta oma mängija nimi",
    "Nitrox_FirewallInterfering": "Tundub et teie tulemüüri (firewall) sätted sekkuvad",
    "Nitrox_HideIp": "Peida IP aadressid",
    "Nitrox_InvalidUserName": "Palun sisesta sobiv mängija nimi.\n\nSelles ei tohi olla tühikuid või kahtlaseid tähti\nLubatud tähed: A-Z a-z 0-9 _ . -\nPikkus: [3, 25]",
    "Nitrox_Join": "Liitu",
    "Nitrox_JoinServerFailed": "Ei saa liituda serveriga",
    "Nitrox_JoinServerIpAddress": "Serveri IP",
    "Nitrox_JoinServerPassword": "Parool:",
    "Nitrox_JoinServerPasswordHeader": "Serveri parool vajatud",
    "Nitrox_JoiningSession": "Serveriga liitumine",
    "Nitrox_LaunchGame": "Mängu avamine…",
    "Nitrox_LoadingScreenWarn": "Võib oodata mängu-lõhkuvaid vigu",
    "Nitrox_LostConnection": "Serveriga ühendus katkestatud",
    "Nitrox_LostConnectionWarn": "Pole enam serveriga ühendatud",
    "Nitrox_Multiplayer": "Serverid",
    "Nitrox_MultiplayerLoaded": "Server laetud…",
    "Nitrox_PlayerColor": "Mängija värv",
    "Nitrox_PlayerKicked": "Sind visati serverist välja",
    "Nitrox_RejectedSessionPolicy": "Reserveerimine keelatud…",
    "Nitrox_RequestingSessionPolicy": "Ootamine…",
    "Nitrox_ServerStopped": "Server jäi seisma",
    "Nitrox_SilenceChat": "Vaigista vestlus",
    "Nitrox_SilencedChatNotif": "Vestlus on nüüd vaigistatud",
    "Nitrox_StartServer": "Alusta oma server enne, et liituda oma enda maailmaga",
    "Nitrox_StreamerSettings": "Streameri mood",
    "Nitrox_SubmitPassword": "Esita",
    "Nitrox_SyncingWorld": "serveri maailmaga sünkroonimine…",
    "Nitrox_UnableToConnect": "Ei saa ühendada serveriga:",
    "Nitrox_Waiting": "Ootamine liitumis järjekorras…",
    "Nitrox_WaitingPassword": "Serveri parooli ootamine…",
    "Nitrox_WaitingUserInput": "Kasutaja sisendi ootamine…",
    "Nitrox_WorldSettling": "Serveri seadete ootamine…"
}
