{
    "Nitrox_AddServer": "Lisää palvelin",
    "Nitrox_AddServerAdd": "Lisää",
    "Nitrox_AddServerHost": "Isäntä:",
    "Nitrox_AddServerName": "Nimi:",
    "Nitrox_AddServerPort": "Portti:",
    "Nitrox_Cancel": "Hylkää",
    "Nitrox_CommandNotAvailable": "Tämä komento ei ola saatavilla Nitroxissa.",
    "Nitrox_ConnectTo": "Yhdistä",
    "Nitrox_DisconnectedSession": "Yhteys palvelimeen on katkaistu",
    "Nitrox_DiscordAccept": "Hyväksy",
    "Nitrox_DiscordRequestText": "Pyytää liittyä istuntoosi",
    "Nitrox_EnterName": "Pelaaja nimi",
    "Nitrox_FirewallInterfering": "Näyttää siltä että palomuuri asetuksesi häiritsevät palvelinta",
    "Nitrox_HideIp": "Piilota IP-osoitteet",
    "Nitrox_InvalidUserName": "Syötä kelvollinen pelaaja nimi !\n\n Pelaaja nimi ei saa sisältää välilyöntejä tai merkkejä \n Sallitut merkit : A-Z a-z 0-9 _ . -\nLength : [3, 25]",
    "Nitrox_Join": "Liity",
    "Nitrox_JoinServerFailed": "Palvelimelle ei pystynyt liittymään",
    "Nitrox_JoinServerIpAddress": "Palvelimen IP osoite",
    "Nitrox_JoinServerPassword": "Salasana:",
    "Nitrox_JoinServerPasswordHeader": "Palvelin vaatii salasanan",
    "Nitrox_JoiningSession": "Liitytään moninpeli istuntoon",
    "Nitrox_LaunchGame": "Käynnistetään peliä…",
    "Nitrox_LoadingScreenWarn": "Odota peliä rikkovia bugeja ja pelin kaatumista",
    "Nitrox_LostConnection": "Yhteys palvelimeen katkaistu",
    "Nitrox_LostConnectionWarn": "Et ole enää yhdistettynä palvelimeen",
    "Nitrox_Multiplayer": "Moninpeli",
    "Nitrox_MultiplayerLoaded": "Moninpeli ladattu…",
    "Nitrox_Mute": "Mykistä {PLAYER}",
    "Nitrox_MuteQuestion": "Mykistä {PLAYER}?",
    "Nitrox_MutedPlayer": "{PLAYER} on mykistetty",
    "Nitrox_PlayerColor": "Pelaaja väri",
    "Nitrox_PlayerKicked": "Sinut on potkittu peli palvelimelta",
    "Nitrox_PlayerListTabName": "Pelaajalista",
    "Nitrox_RejectedSessionPolicy": "Varaus hylätty…",
    "Nitrox_RequestingSessionPolicy": "Istuntokäytäntötietojen pyytäminen…",
    "Nitrox_ServerStopped": "Palvelin on pysäytetty",
    "Nitrox_SilenceChat": "Mykistä chat",
    "Nitrox_SilencedChatNotif": "Keskustelu on nyt mykistetty",
    "Nitrox_StartServer": "Käynnistä palvelin ensiksi niin voit liittyä itse hostaamaan maailmaasi",
    "Nitrox_StreamerSettings": "Streamer-tila",
    "Nitrox_SubmitPassword": "Syötä salasana",
    "Nitrox_SyncingWorld": "Synkataan moninpeli maailmaa…",
    "Nitrox_UnableToConnect": "Etäpalvelimeen ei voitu ottaa yhteyttä osoitteessa:",
    "Nitrox_Waiting": "Odotetaan liittymisjonossa…",
    "Nitrox_WaitingPassword": "Odotetaan palvelimen salasanan syöttöä…",
    "Nitrox_WaitingUserInput": "Odotetaan käyttäjän syöttöä…",
    "Nitrox_WorldSettling": "Odotetaan mailman asettumista…"
}
