﻿{
    "Nitrox_AddServer": "Ajouter un serveur",
    "Nitrox_AddServerAdd": "Ajouter",
    "Nitrox_AddServerHost": "Hôte :",
    "Nitrox_AddServerName": "Nom :",
    "Nitrox_AddServerPort": "Port :",
    "Nitrox_Cancel": "Annuler",
    "Nitrox_CommandNotAvailable": "Cette commande n'est pas disponible avec Nitrox",
    "Nitrox_ConnectTo": "Connexion à",
    "Nitrox_DisconnectedSession": "Déconnecté du serveur",
    "Nitrox_DiscordAccept": "Accepter",
    "Nitrox_DiscordDecline": "Refuser",
    "Nitrox_DiscordInGame": "Joue en tant que {Player} - (Papela Mod)",
    "Nitrox_DiscordInGameState": "Entrain de plonger",
    "Nitrox_DiscordMainMenuState": "Dans le menu",
    "Nitrox_DiscordMultiplayerMenu": "Merci d'appuyer sur le bouton Multijoueur du menu principal pour rejoindre une session",
    "Nitrox_DiscordPressToFocus": "Maintenir pour déverrouiller",
    "Nitrox_DiscordRequestText": "A demandé pour rejoindre votre session",
    "Nitrox_EnterName": "Nom du joueur",
    "Nitrox_Failure": "Une erreur est survenue",
    "Nitrox_FirewallInterfering": "Les paramètres de votre pare-feu empêchent la connexion",
    "Nitrox_HideIp": "Cacher les adresses IP",
    "Nitrox_HidePing": "Cacher le signal",
    "Nitrox_InvalidUserName": "Veuillez entrer un nom de joueur valide.\n\nIl ne peut pas contenir d'espace ou de caractères spéciaux.\nCaractères autorisés : A-Z a-z 0-9 _ . -\nLongueur : [3, 25]",
    "Nitrox_Join": "Rejoindre",
    "Nitrox_JoinServerFailed": "Impossible de se connecter au serveur",
    "Nitrox_JoinServerIpAddress": "IP du serveur",
    "Nitrox_JoinServerPassword": "Mot de passe :",
    "Nitrox_JoinServerPasswordHeader": "Mot de passe requis",
    "Nitrox_JoiningSession": "Connexion au monde multijoueur",
    "Nitrox_Kick": "Exclure {PLAYER}",
    "Nitrox_KickQuestion": "Exclure {PLAYER} ?",
    "Nitrox_LaunchGame": "Lancement du jeu…",
    "Nitrox_LoadingScreenWarn": "Version modifiée par Papela\nAttendez vous à quelques instabilités",
    "Nitrox_LostConnection": "Connexion au serveur perdue",
    "Nitrox_LostConnectionWarn": "Vous n'êtes plus connecté au serveur",
    "Nitrox_Multiplayer": "Multijoueur",
    "Nitrox_MultiplayerLoaded": "Chargement du client multijoueur…",
    "Nitrox_Mute": "Rendre muet {PLAYER}",
    "Nitrox_MuteQuestion": "Rendre muet {PLAYER} ?",
    "Nitrox_MutedPlayer": "{PLAYER} est maintenant muet",
    "Nitrox_PlayerColor": "Couleur",
    "Nitrox_PlayerKicked": "Vous avez été exclu du serveur",
    "Nitrox_PlayerListTabName": "Liste des joueurs",
    "Nitrox_RejectedSessionPolicy": "Réservation rejetée…",
    "Nitrox_RequestingSessionPolicy": "En attente des informations du serveur…",
    "Nitrox_ServerStopped": "Le serveur a été arrêté",
    "Nitrox_ShowPing": "Montrer le signal",
    "Nitrox_SilenceChat": "Cacher la discussion",
    "Nitrox_SilencedChatNotif": "La discussion est maintenant silencieuse",
    "Nitrox_StartServer": "Veuillez démarrer votre serveur pour rejoindre votre monde",
    "Nitrox_StreamerSettings": "Mode streamer",
    "Nitrox_SubmitPassword": "Confirmer",
    "Nitrox_SyncingWorld": "Synchronisation du monde multijoueur…",
    "Nitrox_TeleportTo": "Se téléporter à {PLAYER}",
    "Nitrox_TeleportToMe": "Téléporter {PLAYER} ici",
    "Nitrox_TeleportToMeQuestion": "Téléporter {PLAYER} vers moi ?",
    "Nitrox_TeleportToQuestion": "Se téléporter vers {PLAYER} ?",
    "Nitrox_ThankForPlaying": "Merci d'avoir utilisé Nitrox !",
    "Nitrox_UnableToConnect": "Impossible de se connecter au serveur :",
    "Nitrox_Unmute": "Entendre à nouveau {PLAYER}",
    "Nitrox_UnmuteQuestion": "Entendre à nouveau {PLAYER} ?",
    "Nitrox_UnmutedPlayer": "{PLAYER} n'est plus muet",
    "Nitrox_Waiting": "En attente dans la file de connexion…",
    "Nitrox_WaitingPassword": "En attente du mot de passe…",
    "Nitrox_WaitingUserInput": "En attente des informations du joueur…",
    "Nitrox_WorldSettling": "Chargement du monde…"
}
