{
    "Nitrox_AddServer": "Dodaj poslužitelj",
    "Nitrox_AddServerAdd": "Dodaj",
    "Nitrox_AddServerHost": "Računalo:",
    "Nitrox_AddServerName": "Naziv:",
    "Nitrox_AddServerPort": "Priključak:",
    "Nitrox_Cancel": "Odustani",
    "Nitrox_CommandNotAvailable": "Ova naredba nije dostupna u Nitroxu",
    "Nitrox_ConnectTo": "Poveži se na",
    "Nitrox_DisconnectedSession": "Veza s poslužiteljem prekinuta",
    "Nitrox_DiscordAccept": "Prihvati",
    "Nitrox_DiscordDecline": "Odbij",
    "Nitrox_DiscordPressToFocus": "Pritisni za otključavanje",
    "Nitrox_DiscordRequestText": "Zatraženo je pridruživanje tvojoj sesiji",
    "Nitrox_EnterName": "Upiši svoje ime igrača",
    "Nitrox_FirewallInterfering": "Čini se da postavke tvog vatrozida ometaju",
    "Nitrox_HideIp": "Sakrij IP adrese",
    "Nitrox_HidePing": "Sakrij ping",
    "Nitrox_InvalidUserName": "Upiši valjano ime igrača!\n\nNe smije sadržavati razmak ili sumnjive znakove\nDozvoljeni znakovi : A-Z a-z 0-9 _ . -\nDužina : [3, 25]",
    "Nitrox_Join": "Pridruži se",
    "Nitrox_JoinServerFailed": "Nije moguće pridružiti se poslužitelju",
    "Nitrox_JoinServerIpAddress": "IP poslužitelja",
    "Nitrox_JoinServerPassword": "Lozinka:",
    "Nitrox_JoinServerPasswordHeader": "Potrebna je lozinka za poslužitelj",
    "Nitrox_JoiningSession": "Pridruživanje multiplayer sesiji",
    "Nitrox_Kick": "Izbaci igrača {PLAYER}",
    "Nitrox_KickQuestion": "Izbaciti igrača {PLAYER}?",
    "Nitrox_LaunchGame": "Pokretanje igre …",
    "Nitrox_LoadingScreenWarn": "Očekuj greške koje prekidaju igru",
    "Nitrox_LostConnection": "Veza s poslužiteljem igara je izgubljena",
    "Nitrox_LostConnectionWarn": "Veza s poslužiteljem više ne postoji",
    "Nitrox_Multiplayer": "Multiplayer",
    "Nitrox_MultiplayerLoaded": "Multiplayer klijent učitan …",
    "Nitrox_Mute": "Isključi zvuk igrača {PLAYER}",
    "Nitrox_MuteQuestion": "Isključiti zvuk igrača {PLAYER}?",
    "Nitrox_MutedPlayer": "Isključen zvuk igrača {PLAYER}",
    "Nitrox_PlayerColor": "Boja igrača",
    "Nitrox_PlayerKicked": "Izbačen/a si s poslužitelja",
    "Nitrox_PlayerListTabName": "Popis igrača",
    "Nitrox_RejectedSessionPolicy": "Rezervacija odbijena …",
    "Nitrox_RequestingSessionPolicy": "Zahtjevanje informacija o pravilima sesije …",
    "Nitrox_ServerStopped": "Poslužitelj je prekinuo rad",
    "Nitrox_ShowPing": "Prikaži ping",
    "Nitrox_SilenceChat": "Isključi zvuk razgovora",
    "Nitrox_SilencedChatNotif": "Zvuk razgovora je isključen",
    "Nitrox_StartServer": "Najprije pokreni svoj poslužitelj za pridruživanje vlastitom svijetu koji održavaš",
    "Nitrox_StreamerSettings": "Modus prijenosa",
    "Nitrox_SubmitPassword": "Pošalji",
    "Nitrox_SyncingWorld": "Sinkronizacija multiplayer svijeta …",
    "Nitrox_TeleportTo": "Teleportiraj igraču {PLAYER}",
    "Nitrox_TeleportToMe": "Teleportiraj igrača {PLAYER} k meni",
    "Nitrox_TeleportToMeQuestion": "Teleportirati igrača {PLAYER} k meni?",
    "Nitrox_TeleportToQuestion": "Teleportirati igraču {PLAYER}?",
    "Nitrox_UnableToConnect": "Nije moguće kontaktirati udaljeni poslužitelj na:",
    "Nitrox_Unmute": "Isključi zvuk igrača {PLAYER}",
    "Nitrox_UnmuteQuestion": "Isključiti zvuk igrača {PLAYER}?",
    "Nitrox_UnmutedPlayer": "Isključen zvuk igraču {PLAYER}",
    "Nitrox_Waiting": "Čekanje u redu za pridruživanje…",
    "Nitrox_WaitingPassword": "Čekanje na unos lozinke za poslužitelj …",
    "Nitrox_WaitingUserInput": "Čekanje na unos korisnika …",
    "Nitrox_WorldSettling": "Očekuje se uspostava svijeta …"
}
