﻿{
    "Nitrox_AddServer": "Szerver hozzáadása",
    "Nitrox_AddServerAdd": "Hozzáad",
    "Nitrox_AddServerHost": "Hoszt:",
    "Nitrox_AddServerName": "Név:",
    "Nitrox_AddServerPort": "Port:",
    "Nitrox_Cancel": "Vissza",
    "Nitrox_CommandNotAvailable": "Ez a parancs nem érhető el a Nitroxon keresztül",
    "Nitrox_ConnectTo": "Csatlakozás",
    "Nitrox_DisconnectedSession": "Kilépve a munkamenetből",
    "Nitrox_DiscordAccept": "Elfogad",
    "Nitrox_DiscordDecline": "Elutasít",
    "Nitrox_DiscordPressToFocus": "Nyomd meg a feloldáshoz",
    "Nitrox_DiscordRequestText": "Engedélyt kértek a játékhoz való csatlakozáshoz",
    "Nitrox_EnterName": "Játékos neve",
    "Nitrox_FirewallInterfering": "Kérlek állítsd át a Tűzfal beállításaidat, hogy működjön a játék",
    "Nitrox_HideIp": "IP-címek elrejtése",
    "Nitrox_HidePing": "Ping Elrejtése",
    "Nitrox_InvalidUserName": "Kérlek, érvényes nevet adj meg!\n\nNem tartalmazhat szóközt, vagy különleges karaktereket!\nMegengedett karakterek: A-Z a-z 0-9 _ . -\nHosszúság: [3, 25]",
    "Nitrox_Join": "Csatlakozás",
    "Nitrox_JoinServerFailed": "Nem sikerült csatlakozni a szerverre",
    "Nitrox_JoinServerIpAddress": "Szerver IP cím",
    "Nitrox_JoinServerPassword": "Jelszó:",
    "Nitrox_JoinServerPasswordHeader": "A belépéshez jelszó kell",
    "Nitrox_JoiningSession": "Betöltés többjátékos munkamenetre",
    "Nitrox_Kick": "{PLAYER} Kirúgása",
    "Nitrox_KickQuestion": "Kirúgod {PLAYER} Játékost?",
    "Nitrox_LaunchGame": "Játék indítása…",
    "Nitrox_LoadingScreenWarn": "Játékélményt romboló hibák várhatóak",
    "Nitrox_LostConnection": "Elveszett a kapcsolat a többjátékos szerverrel",
    "Nitrox_LostConnectionWarn": "Már nincs kaplcsolat a szerverrel",
    "Nitrox_Multiplayer": "Többjátékos mód",
    "Nitrox_MultiplayerLoaded": "Többjátékos Kliens betöltött…",
    "Nitrox_Mute": "{PLAYER} lenémítása",
    "Nitrox_MuteQuestion": "Lenémítod {PLAYER} Játékost?",
    "Nitrox_MutedPlayer": "{PLAYER} Lenémítva",
    "Nitrox_PlayerColor": "Játékos színe",
    "Nitrox_PlayerKicked": "Ki lettél rúgva a szerverről",
    "Nitrox_PlayerListTabName": "Játékos Lista",
    "Nitrox_RejectedSessionPolicy": "A foglalás elutasítva…",
    "Nitrox_RequestingSessionPolicy": "Munkamenet szabályok lekérése…",
    "Nitrox_ServerStopped": "A szerver leállt",
    "Nitrox_ShowPing": "Ping Mutatása",
    "Nitrox_SilenceChat": "Csevegés elnémítása",
    "Nitrox_SilencedChatNotif": "A csevegés mostantól néma",
    "Nitrox_StartServer": "Először indítsd el a szervered, hogy csatlakozni tudj a saját szerveredre",
    "Nitrox_StreamerSettings": "Streamer mód",
    "Nitrox_SubmitPassword": "Jelszó megadása",
    "Nitrox_SyncingWorld": "Többjátékos világ szinkronizálása…",
    "Nitrox_TeleportTo": "{PLAYER} játékoshoz teleportálás",
    "Nitrox_TeleportToMe": "{PLAYER} Játékos magamhoz teleportálása",
    "Nitrox_TeleportToMeQuestion": "Magamhoz teleportáljam {PLAYER} játékost?",
    "Nitrox_TeleportToQuestion": "Teleportálni akarsz {PLAYER} játékoshoz?",
    "Nitrox_UnableToConnect": "Nem sikerült csatlakozni a megadott távoli szerverre:",
    "Nitrox_Unmute": "Némítás visszavonása {PLAYER} játékosról",
    "Nitrox_UnmuteQuestion": "Visszavonod a némítást {PLAYER} Játékosról?",
    "Nitrox_UnmutedPlayer": "Némítás Visszavonva {PLAYER} játékosról",
    "Nitrox_Waiting": "Várakozás a várólistán…",
    "Nitrox_WaitingPassword": "Várakozás a szerver jelszó megadására…",
    "Nitrox_WaitingUserInput": "Várakozás a felhasználóra…",
    "Nitrox_WorldSettling": "Várakozás A Világ Letelepedésére…"
}
