{
    "Nitrox_AddServer": "Aggiungi un server",
    "Nitrox_AddServerAdd": "Aggiungi",
    "Nitrox_AddServerHost": "Indirizzo IP:",
    "Nitrox_AddServerName": "Nome:",
    "Nitrox_AddServerPort": "Porta:",
    "Nitrox_Cancel": "Annulla",
    "Nitrox_CommandNotAvailable": "Questo comando non è disponibile con Nitrox",
    "Nitrox_ConnectTo": "Connettiti a",
    "Nitrox_DisconnectedSession": "Disconnesso dal server",
    "Nitrox_DiscordAccept": "Accetta",
    "Nitrox_DiscordDecline": "Rifiuta",
    "Nitrox_DiscordInGame": "Sta giocando come {PLAYER} - (Papela Mod)",
    "Nitrox_DiscordInGameState": "Immergendosi nell'abisso",
    "Nitrox_DiscordMainMenuState": "Nascondendosi nel menù",
    "Nitrox_DiscordMultiplayerMenu": "Per favore premi sul pulsante Multiplayer nel menù principale per entrare in una sessione",
    "Nitrox_DiscordPressToFocus": "Premi per sbloccare",
    "Nitrox_DiscordRequestText": "Richiesto di partecipare alla tua sessione",
    "Nitrox_EnterName": "Inserisci il nome giocatore",
    "Nitrox_Failure": "Si è verificato un errore",
    "Nitrox_FirewallInterfering": "Sembrerebbe che il firewall stia interferendo",
    "Nitrox_HideIp": "Nascondi gli indirizzi IP",
    "Nitrox_HidePing": "Nascondi ping",
    "Nitrox_InvalidUserName": "Inserire un nome di giocatore valido.\n\nNon può contenere spazi o caratteri dubbi.\nCaratteri consentiti: A-Z a-z 0-9 _ . -\nLunghezza: [3, 25]",
    "Nitrox_Join": "Entra",
    "Nitrox_JoinServerFailed": "Impossibile entrare nel server",
    "Nitrox_JoinServerIpAddress": "Indirizzo IP",
    "Nitrox_JoinServerPassword": "Password:",
    "Nitrox_JoinServerPasswordHeader": "Richiesta password",
    "Nitrox_JoiningSession": "Sto entrando nella sessione Multigiocatore",
    "Nitrox_Kick": "Espelli {PLAYER}",
    "Nitrox_KickQuestion": "Espellere {PLAYER}?",
    "Nitrox_LaunchGame": "Caricamento…",
    "Nitrox_LoadingScreenWarn": "Versione modificata da Papela\nAspettati problemi che potrebbero compromettere l'esperienza di gioco",
    "Nitrox_LostConnection": "Connessione al server persa",
    "Nitrox_LostConnectionWarn": "Non più connesso al server",
    "Nitrox_Multiplayer": "Multigiocatore",
    "Nitrox_MultiplayerLoaded": "Client multigiocatore caricato…",
    "Nitrox_Mute": "Muta {PLAYER}",
    "Nitrox_MuteQuestion": "Muta {PLAYER}?",
    "Nitrox_MutedPlayer": "Mutato {PLAYER}",
    "Nitrox_PlayerColor": "Colore giocatore",
    "Nitrox_PlayerKicked": "Sei stato espulso dal server",
    "Nitrox_PlayerListTabName": "Elenco giocatori",
    "Nitrox_RejectedSessionPolicy": "Richiesta rifiutata…",
    "Nitrox_RequestingSessionPolicy": "Richiesta di informazioni sui criteri di sessione…",
    "Nitrox_ServerStopped": "Il server è stato fermato",
    "Nitrox_ShowPing": "Mostra ping",
    "Nitrox_SilenceChat": "Disattiva la discussione",
    "Nitrox_SilencedChatNotif": "La chat è ora silenziata",
    "Nitrox_StartServer": "Per entrare nel tuo server locale devi prima avviarlo da Nitrox Launcher",
    "Nitrox_StreamerSettings": "Modalità streamer",
    "Nitrox_SubmitPassword": "Conferma",
    "Nitrox_SyncingWorld": "Sincronizzazione del mondo multiplayer…",
    "Nitrox_TeleportTo": "Teletrasporta su {PLAYER}",
    "Nitrox_TeleportToMe": "Teletrasporta {PLAYER} da me",
    "Nitrox_TeleportToMeQuestion": "Teletrasportare {PLAYER} da me ?",
    "Nitrox_TeleportToQuestion": "Teletrasportarsi su {PLAYER}?",
    "Nitrox_ThankForPlaying": "Grazie per aver scelto Nitrox!",
    "Nitrox_UnableToConnect": "Impossibile contattare il server:",
    "Nitrox_Unmute": "Non mutato {PLAYER}",
    "Nitrox_UnmuteQuestion": "Non mutare {PLAYER}?",
    "Nitrox_UnmutedPlayer": "Non mutato {PLAYER}",
    "Nitrox_Waiting": "In attesa in coda di iscrizione…",
    "Nitrox_WaitingPassword": "In attesa della password per il server…",
    "Nitrox_WaitingUserInput": "In attesa dell'inserimento dal parte dell'utente…",
    "Nitrox_WorldSettling": "In attesa impostazioni del mondo…"
}
