{
    "Nitrox_AddServer": "서버 추가",
    "Nitrox_AddServerAdd": "추가",
    "Nitrox_AddServerHost": "주인:",
    "Nitrox_AddServerName": "이름:",
    "Nitrox_AddServerPort": "포트:",
    "Nitrox_Cancel": "취소",
    "Nitrox_CommandNotAvailable": "이 명령어는 Nitrox에서 사용할 수 없습니다",
    "Nitrox_ConnectTo": "연결",
    "Nitrox_DisconnectedSession": "서버와의 연결이 끊어졌습니다",
    "Nitrox_DiscordAccept": "수락",
    "Nitrox_DiscordDecline": "거절",
    "Nitrox_DiscordPressToFocus": "눌러서 열기",
    "Nitrox_DiscordRequestText": "세션 참가 요청",
    "Nitrox_EnterName": "니 이름 적어",
    "Nitrox_FirewallInterfering": "방화벽 설정이 방해하는 것처럼 보임",
    "Nitrox_HideIp": "IP 숨기기",
    "Nitrox_HidePing": "핑 숨기기",
    "Nitrox_InvalidUserName": "올바른 플레이어 이름을 입력하십시오.\n\n공백이나 의심스러운 문자를 포함할 수 없습니다\n사용 가능한 문자: A-Z a-z 0-9 _ . -\n길이: [3, 25]",
    "Nitrox_Join": "접속",
    "Nitrox_JoinServerFailed": "서버에 접속할 수 없음",
    "Nitrox_JoinServerIpAddress": "서버 IP",
    "Nitrox_JoinServerPassword": "비밀번호:",
    "Nitrox_JoinServerPasswordHeader": "서버 비밀번호 필요",
    "Nitrox_JoiningSession": "멀티플레이어 세션 참가중",
    "Nitrox_LaunchGame": "게임 시작중…",
    "Nitrox_LoadingScreenWarn": "게임 파괴 버그 예상",
    "Nitrox_LostConnection": "서버와의 연결이 끊어졌습니다",
    "Nitrox_LostConnectionWarn": "서버에 더 이상 연결되지 않음",
    "Nitrox_Multiplayer": "멀티플레이어",
    "Nitrox_MultiplayerLoaded": "멀티플레이어 클라이언트 로드…",
    "Nitrox_PlayerColor": "플레이어 색상",
    "Nitrox_PlayerKicked": "서버에서 추방당했습니다",
    "Nitrox_PlayerListTabName": "플레이어 리스트",
    "Nitrox_RejectedSessionPolicy": "예약 거부됨…",
    "Nitrox_RequestingSessionPolicy": "세션 정책 정보를 요청하는 중…",
    "Nitrox_ServerStopped": "서버가 종료되었습니다.",
    "Nitrox_ShowPing": "핑 표시",
    "Nitrox_SilenceChat": "채팅 음소거",
    "Nitrox_SilencedChatNotif": "채팅이 음소거되었습니다",
    "Nitrox_StartServer": "서버를 먼저 시작하여 자체 호스트에 참여",
    "Nitrox_StreamerSettings": "방송 모드",
    "Nitrox_SubmitPassword": "제출",
    "Nitrox_SyncingWorld": "멀티플레이어 세계 동기화…",
    "Nitrox_UnableToConnect": "원격 서버에 연결할 수 없음:",
    "Nitrox_Waiting": "접속 대기 중…",
    "Nitrox_WaitingPassword": "서버 비밀번호 입력을 기다리는 중…",
    "Nitrox_WaitingUserInput": "유저 입력을 기다리는 중…",
    "Nitrox_WorldSettling": "세계 정착 대기 중…"
}
