{
    "Nitrox_AddServer": "Server toevoegen",
    "Nitrox_AddServerAdd": "Toevoegen",
    "Nitrox_AddServerHost": "Host:",
    "Nitrox_AddServerName": "Naam:",
    "Nitrox_AddServerPort": "Port:",
    "Nitrox_Cancel": "Annuleer",
    "Nitrox_CommandNotAvailable": "Dit commando is niet beschikbaar in Nitrox",
    "Nitrox_ConnectTo": "Verbinden met",
    "Nitrox_DisconnectedSession": "U heeft de server verlaten",
    "Nitrox_DiscordAccept": "Accepteren",
    "Nitrox_DiscordDecline": "Afwijzen",
    "Nitrox_DiscordPressToFocus": "Druk om te ontgrendelen",
    "Nitrox_DiscordRequestText": "Verzoekt aan Uw sessie deel te nemen",
    "Nitrox_EnterName": "Speler Naam",
    "Nitrox_FirewallInterfering": "Het lijkt erop dat je firewall instellingen het netwerk onderbreken",
    "Nitrox_HideIp": "IPs verschuilen",
    "Nitrox_HidePing": "Ping Verbergen",
    "Nitrox_InvalidUserName": "Voer een geldige spelernaam in !\n\n Het mag geen spatie of speciale karakters bevatten\n Toegestane karakters : A-Z a-z 0-9 _ . -\nLengte : [3, 25]",
    "Nitrox_Join": "Meedoen",
    "Nitrox_JoinServerFailed": "Kan niet verbinden met server",
    "Nitrox_JoinServerIpAddress": "Server IP",
    "Nitrox_JoinServerPassword": "Wachtwoord:",
    "Nitrox_JoinServerPasswordHeader": "Server wachtwoord vereist",
    "Nitrox_JoiningSession": "Meedoen aan multiplayer Sessie",
    "Nitrox_LaunchGame": "Spel opstarten…",
    "Nitrox_LoadingScreenWarn": "Verwacht spel-brekende bugs",
    "Nitrox_LostConnection": "Connectie met de server verloren",
    "Nitrox_LostConnectionWarn": "Niet meer verbonden met de server",
    "Nitrox_Multiplayer": "Multiplayer",
    "Nitrox_MultiplayerLoaded": "Multiplayer client geladen…",
    "Nitrox_PlayerColor": "Speler Kleur",
    "Nitrox_PlayerKicked": "Je bent van de server getrapt",
    "Nitrox_RejectedSessionPolicy": "Sessie geweigerd…",
    "Nitrox_RequestingSessionPolicy": "Beleid van de sessie aanvragen…",
    "Nitrox_ServerStopped": "Server is gestopt",
    "Nitrox_SilenceChat": "Chat dempen",
    "Nitrox_SilencedChatNotif": "Chat is gedempt",
    "Nitrox_StartServer": "Start je server eerst om mee toe doen met je eigen gehostte wereld",
    "Nitrox_StreamerSettings": "Streamer modus",
    "Nitrox_SubmitPassword": "Verzenden",
    "Nitrox_SyncingWorld": "Multiplayer Wereld Synchroniseren…",
    "Nitrox_UnableToConnect": "Kan niet verbinden met de externe server op:",
    "Nitrox_Waiting": "Wachtend om mee te doen…",
    "Nitrox_WaitingPassword": "Wachtend op invoer van de server…",
    "Nitrox_WaitingUserInput": "Wachtend op invoer van de gebruiker…",
    "Nitrox_WorldSettling": "Wachtend op ruststand van spel wereld…"
}
