{
    "Nitrox_AddServer": "Legg til tjener",
    "Nitrox_AddServerAdd": "Legg til",
    "Nitrox_AddServerHost": "Vert:",
    "Nitrox_AddServerName": "Navn:",
    "Nitrox_AddServerPort": "Port:",
    "Nitrox_Cancel": "Avbryt",
    "Nitrox_CommandNotAvailable": "Denne kommandoen er ikke tilgjengelig i Nitrox",
    "Nitrox_ConnectTo": "Koble til",
    "Nitrox_DisconnectedSession": "Frakoblet fra tjener",
    "Nitrox_DiscordAccept": "Godta",
    "Nitrox_DiscordDecline": "Avslå",
    "Nitrox_DiscordPressToFocus": "Trykk for å låse opp",
    "Nitrox_DiscordRequestText": "Forespurte deltagelse i din økt",
    "Nitrox_EnterName": "Skriv inn spillernavnet ditt",
    "Nitrox_FirewallInterfering": "Der ser ut til at brannmursinnstillingene ikke går overens",
    "Nitrox_HideIp": "Skjul IP-adresser",
    "Nitrox_InvalidUserName": "Skriv inn et gyldig spillernavn.\n\nDet kan ikke inneholde mellomrom eller tvilsomme tegn\nTillatte tegn: A-Z a-z 0-9 _ . -\nLengde: [3, 25]",
    "Nitrox_Join": "Ta del",
    "Nitrox_JoinServerFailed": "Kunne ikke ta del i tjener",
    "Nitrox_JoinServerIpAddress": "Tjener-IP",
    "Nitrox_JoinServerPassword": "Passord:",
    "Nitrox_JoinServerPasswordHeader": "Tjenerpassord kreves",
    "Nitrox_JoiningSession": "Tar del i flerspiller-økt",
    "Nitrox_LaunchGame": "Starter spill …",
    "Nitrox_LoadingScreenWarn": "Forvent krasj i spillet som følge av feil",
    "Nitrox_LostConnection": "Mistet tilkoblingen til spilltjeneren",
    "Nitrox_LostConnectionWarn": "Ikke lenger tilkoblet tjeneren",
    "Nitrox_Multiplayer": "Flerspiller",
    "Nitrox_MultiplayerLoaded": "Flerspillerklient innlastet …",
    "Nitrox_PlayerColor": "Spillerfarge",
    "Nitrox_PlayerKicked": "Du har blitt utkastet fra tjeneren",
    "Nitrox_RejectedSessionPolicy": "Reservasjon avslått …",
    "Nitrox_RequestingSessionPolicy": "Forespør øktpraksis-info …",
    "Nitrox_ServerStopped": "Tjeneren stoppet",
    "Nitrox_SilenceChat": "Forstum sludring",
    "Nitrox_SilencedChatNotif": "Sludringen er nå forstummet",
    "Nitrox_StartServer": "Start tjeneren din først for å ta del i din selvtjente verden",
    "Nitrox_StreamerSettings": "Strømmingsmodus",
    "Nitrox_SubmitPassword": "Send inn",
    "Nitrox_SyncingWorld": "Synkroniserer flerspillerverden …",
    "Nitrox_UnableToConnect": "Kunne ikke koble til fjerntjeneren på:",
    "Nitrox_Waiting": "Venter på å bli med i køen …",
    "Nitrox_WaitingPassword": "Venter på at tjenerpassordet skrives inn …",
    "Nitrox_WaitingUserInput": "Venter på brukerinndata …"
}
