{
    "Nitrox_AddServer": "Dodaj serwer",
    "Nitrox_AddServerAdd": "Dodaj",
    "Nitrox_AddServerHost": "Adres:",
    "Nitrox_AddServerName": "Nazwa:",
    "Nitrox_AddServerPort": "Port:",
    "Nitrox_Cancel": "Anuluj",
    "Nitrox_CommandNotAvailable": "Ta komenda jest niedostępna w Nitrox",
    "Nitrox_ConnectTo": "Połącz z",
    "Nitrox_DisconnectedSession": "Odłączono od serwera",
    "Nitrox_DiscordAccept": "Akceptuj",
    "Nitrox_DiscordDecline": "Odrzuć",
    "Nitrox_DiscordInGame": "Granie jako {PLAYER}",
    "Nitrox_DiscordPressToFocus": "Kliknij aby odblokować",
    "Nitrox_DiscordRequestText": "Poprosił o dołączenie do twojej sesji",
    "Nitrox_EnterName": "Wpisz swoją nazwę gracza",
    "Nitrox_FirewallInterfering": "Wygląda na to, że zapora sieciowa blokuje połączenie",
    "Nitrox_HideIp": "Ukryj adresy IP",
    "Nitrox_HidePing": "Ukryj Ping",
    "Nitrox_InvalidUserName": "Wpisz poprawną nazwę gracza!\n\nNie może zawierać żadnych spacji ani niepewnych znaków\nDozwolone znaki: A-Z a-z 0-9 _ . -\nDługość: [3, 25]",
    "Nitrox_Join": "Dołącz",
    "Nitrox_JoinServerFailed": "Nie można połączyć się z serwerem",
    "Nitrox_JoinServerIpAddress": "IP serwera",
    "Nitrox_JoinServerPassword": "Hasło:",
    "Nitrox_JoinServerPasswordHeader": "Serwer wymaga hasła",
    "Nitrox_JoiningSession": "Dołączanie do sesji wieloosobowej",
    "Nitrox_KickQuestion": "Wyrzucić {PLAYER}?",
    "Nitrox_LaunchGame": "Uruchamianie gry…",
    "Nitrox_LoadingScreenWarn": "Spodziewaj się błędów utrudniających rozgrywkę",
    "Nitrox_LostConnection": "Utracono połączenie z serwerem gry",
    "Nitrox_LostConnectionWarn": "Brak połączenia z serwerem",
    "Nitrox_Multiplayer": "Gra wieloosobowa",
    "Nitrox_MultiplayerLoaded": "Klient wieloosobowy wczytany…",
    "Nitrox_MuteQuestion": "Wyciszyć {PLAYER}?",
    "Nitrox_MutedPlayer": "Wyciszono {PLAYER}",
    "Nitrox_PlayerColor": "Kolor gracza",
    "Nitrox_PlayerKicked": "Wyrzucono Cię z serwera",
    "Nitrox_PlayerListTabName": "Lista Graczy",
    "Nitrox_RejectedSessionPolicy": "Rezerwacja odrzucona…",
    "Nitrox_RequestingSessionPolicy": "Żądanie informacji o warunkach sesji…",
    "Nitrox_ServerStopped": "Serwer zatrzymany",
    "Nitrox_ShowPing": "Pokaż Ping",
    "Nitrox_SilenceChat": "Wycisz czat",
    "Nitrox_SilencedChatNotif": "Czat jest teraz wyciszony",
    "Nitrox_StartServer": "Najpierw uruchom serwer aby dołączyć do swojego świata",
    "Nitrox_StreamerSettings": "Tryb Streamera",
    "Nitrox_SubmitPassword": "Potwierdź",
    "Nitrox_SyncingWorld": "Synchronizacja świata…",
    "Nitrox_UnableToConnect": "Nie można połączyć się ze zdalnym serwerem:",
    "Nitrox_UnmuteQuestion": "Odciszyć {PLAYER}?",
    "Nitrox_UnmutedPlayer": "Odciszono  {PLAYER}",
    "Nitrox_Waiting": "Oczekiwanie w kolejce do dołączenia…",
    "Nitrox_WaitingPassword": "Oczekiwanie na wprowadzenie hasła do serwera…",
    "Nitrox_WaitingUserInput": "Oczekiwanie na dane od użytkownika…",
    "Nitrox_WorldSettling": "Oczekiwanie na osadzenie świata…"
}
