{
    "Nitrox_AddServer": "Adicionar Servidor",
    "Nitrox_AddServerAdd": "Adicionar",
    "Nitrox_AddServerHost": "IP:",
    "Nitrox_AddServerName": "Nome:",
    "Nitrox_AddServerPort": "Porta:",
    "Nitrox_Cancel": "Cancelar",
    "Nitrox_CommandNotAvailable": "Este comando não está disponível no Nitrox",
    "Nitrox_ConnectTo": "Conectar a",
    "Nitrox_DisconnectedSession": "Desconectado do servidor",
    "Nitrox_DiscordAccept": "Aceitar",
    "Nitrox_DiscordDecline": "Rejeitar",
    "Nitrox_DiscordInGame": "Jogando como {PLAYER}",
    "Nitrox_DiscordInGameState": "Mergulhando no abismo",
    "Nitrox_DiscordMainMenuState": "Navegando ao menu",
    "Nitrox_DiscordMultiplayerMenu": "Por favor selecione o botão multijogador no menu principal caso queira se juntar à sessão",
    "Nitrox_DiscordPressToFocus": "Pressione para desbloquear",
    "Nitrox_DiscordRequestText": "Solicitou para entrar na sua sessão atual",
    "Nitrox_EnterName": "Nome do jogador",
    "Nitrox_Failure": "Um erro ocorreu",
    "Nitrox_FirewallInterfering": "As configurações do seu Firewall estão em conflito",
    "Nitrox_HideIp": "Ocultar IP",
    "Nitrox_HidePing": "Ocultar Ping",
    "Nitrox_InvalidUserName": "Por favor, entre com um nome válido\n\nNão pode conter espaços ou caracteres inválidos\nSão aceitos: A-Z a-z 0-9.\nEntre [3 caracteres até 25]",
    "Nitrox_Join": "Entrar",
    "Nitrox_JoinServerFailed": "Não foi possível entrar no servidor",
    "Nitrox_JoinServerIpAddress": "IP do Servidor",
    "Nitrox_JoinServerPassword": "Senha:",
    "Nitrox_JoinServerPasswordHeader": "O Servidor selecionado necessita de senha",
    "Nitrox_JoiningSession": "Entrando na Sessão",
    "Nitrox_Kick": "Expulsar {PLAYER}",
    "Nitrox_KickQuestion": "Expulsar {PLAYER}?",
    "Nitrox_LaunchGame": "Iniciando jogo…",
    "Nitrox_LoadingScreenWarn": "Expectável bugs que quebram o jogo",
    "Nitrox_LostConnection": "Conexão perdida com o servidor do jogo",
    "Nitrox_LostConnectionWarn": "Não está mais conectado ao servidor",
    "Nitrox_Multiplayer": "Multijogador",
    "Nitrox_MultiplayerLoaded": "Cliente multijogador carregado…",
    "Nitrox_Mute": "Mutar {PLAYER}",
    "Nitrox_MuteQuestion": "Mutar {PLAYER}?",
    "Nitrox_MutedPlayer": "Mutou {PLAYER}",
    "Nitrox_PlayerColor": "Cor do jogador",
    "Nitrox_PlayerKicked": "Você foi expulso do servidor",
    "Nitrox_PlayerListTabName": "Lista de jogadores",
    "Nitrox_RejectedSessionPolicy": "Reserva rejeitada…",
    "Nitrox_RequestingSessionPolicy": "Solicitando informações da sessão…",
    "Nitrox_ServerStopped": "O servidor foi fechado",
    "Nitrox_ShowPing": "Mostrar ping",
    "Nitrox_SilenceChat": "Silenciar a conversa",
    "Nitrox_SilencedChatNotif": "O chat agora está silenciado",
    "Nitrox_StartServer": "Inicie seu servidor primeiro para entrar na sua sessão",
    "Nitrox_StreamerSettings": "Modo Streamer",
    "Nitrox_SubmitPassword": "Entrar",
    "Nitrox_SyncingWorld": "Sincronizando com Servidor Multiplayer…",
    "Nitrox_TeleportTo": "Teletransporte para {PLAYER}",
    "Nitrox_TeleportToMe": "Teleporte {PLAYER} para mim",
    "Nitrox_TeleportToMeQuestion": "Teleportar {PLAYER} para mim?",
    "Nitrox_TeleportToQuestion": "Teleportar para {PLAYER}?",
    "Nitrox_ThankForPlaying": "Obrigado por utilizar Nitrox !",
    "Nitrox_UnableToConnect": "Não foi possível conectar com o Servidor remoto:",
    "Nitrox_Unmute": "Desmutar {PLAYER}",
    "Nitrox_UnmuteQuestion": "Desmutar {PLAYER}?",
    "Nitrox_UnmutedPlayer": "Desmutado {PLAYER}",
    "Nitrox_Waiting": "Aguardando na fila de entrada…",
    "Nitrox_WaitingPassword": "Aguardando senha do servidor…",
    "Nitrox_WaitingUserInput": "Aguardando informações do usuário…",
    "Nitrox_WorldSettling": "Aguardando Formação do Mapa…"
}
