{
    "Nitrox_AddServer": "Adicionar Servidor",
    "Nitrox_AddServerAdd": "Adicionar",
    "Nitrox_AddServerHost": "IP:",
    "Nitrox_AddServerName": "Nome:",
    "Nitrox_AddServerPort": "Porta:",
    "Nitrox_Cancel": "Cancelar",
    "Nitrox_CommandNotAvailable": "Este comando não está disponível no Nitrox",
    "Nitrox_ConnectTo": "Conectar a",
    "Nitrox_DisconnectedSession": "Desconectado do servidor",
    "Nitrox_DiscordAccept": "Aceitar",
    "Nitrox_DiscordDecline": "Rejeitar",
    "Nitrox_DiscordInGame": "Jogando como {PLAYER}",
    "Nitrox_DiscordInGameState": "Mergulhando no abismo",
    "Nitrox_DiscordMainMenuState": "À espreita no menu",
    "Nitrox_DiscordMultiplayerMenu": "Por favor pressione no botão Multiplayer no menu principal se quiser participar numa sessão",
    "Nitrox_DiscordPressToFocus": "Pressione para desbloquear",
    "Nitrox_DiscordRequestText": "Solicitado para se juntar na sua sessão atual",
    "Nitrox_EnterName": "Introduz o teu nome de jogador",
    "Nitrox_Failure": "um erro ocorreu",
    "Nitrox_FirewallInterfering": "Parece que as configurações da tua firewall estão interferindo",
    "Nitrox_HideIp": "Ocultar endereços IP",
    "Nitrox_HidePing": "Ocultar Marcação",
    "Nitrox_InvalidUserName": "Por favor introduz um nome de jogador válido.\n\nNão pode conter nenhum espaço ou caracteres duvidosos\nCaracteres permitidos: A-Z a-z 0-9 _ . -\nComprimento: [3, 25]",
    "Nitrox_Join": "Entrar",
    "Nitrox_JoinServerFailed": "Não foi possível entrar no servidor",
    "Nitrox_JoinServerIpAddress": "IP do servidor",
    "Nitrox_JoinServerPassword": "Senha:",
    "Nitrox_JoinServerPasswordHeader": "O Servidor selecionado necessita senha",
    "Nitrox_JoiningSession": "Entrando na Sessão",
    "Nitrox_Kick": "Remover {PLAYER}",
    "Nitrox_KickQuestion": "Remover {PLAYER}?",
    "Nitrox_LaunchGame": "Iniciando jogo…",
    "Nitrox_LoadingScreenWarn": "Expectável bugs que quebram o jogo",
    "Nitrox_LostConnection": "Conexão perdida com o servidor do jogo",
    "Nitrox_LostConnectionWarn": "Não está mais conectado ao servidor",
    "Nitrox_Multiplayer": "Multijogador",
    "Nitrox_MultiplayerLoaded": "Cliente multijogador carregado…",
    "Nitrox_Mute": "Silenciar {PLAYER}",
    "Nitrox_MuteQuestion": "Silenciar {PLAYER}?",
    "Nitrox_MutedPlayer": "{PLAYER} silenciado",
    "Nitrox_PlayerColor": "Cor do jogador",
    "Nitrox_PlayerKicked": "Você foi expulso do servidor",
    "Nitrox_PlayerListTabName": "Lista de Jogadores",
    "Nitrox_RejectedSessionPolicy": "Reserva rejeitada…",
    "Nitrox_RequestingSessionPolicy": "Solicitando informações de política de sessão…",
    "Nitrox_ServerStopped": "O servidor foi fechado",
    "Nitrox_ShowPing": "Mostrar marcação",
    "Nitrox_SilenceChat": "Silenciar a conversa",
    "Nitrox_SilencedChatNotif": "A conversa está agora silenciada",
    "Nitrox_StartServer": "Inicia primeiro o teu servidor para te juntares ao teu próprio mundo",
    "Nitrox_StreamerSettings": "Modo streamer",
    "Nitrox_SubmitPassword": "Submeter",
    "Nitrox_SyncingWorld": "Sincronizando mundo multijogador…",
    "Nitrox_TeleportTo": "Teleportar para {PLAYER}",
    "Nitrox_TeleportToMe": "Teleportar {PLAYER} para mim",
    "Nitrox_TeleportToMeQuestion": "Teleportar {PLAYER} para mim?",
    "Nitrox_TeleportToQuestion": "Teleportar para {PLAYER} ?",
    "Nitrox_ThankForPlaying": "Obrigado por usar Nitrox!",
    "Nitrox_UnableToConnect": "Não é possível contactar o servidor remoto em:",
    "Nitrox_Unmute": "Ativar o som de {PLAYER}",
    "Nitrox_UnmuteQuestion": "Ativar o som de {PLAYER}?",
    "Nitrox_UnmutedPlayer": "Som de {PLAYER} ativado",
    "Nitrox_Waiting": "Esperando na fila de entrada…",
    "Nitrox_WaitingPassword": "Aguardando senha do servidor…",
    "Nitrox_WaitingUserInput": "Aguardando introdução do usuário…",
    "Nitrox_WorldSettling": "Aguardando formação do mapa…"
}
