{
    "Nitrox_AddServer": "Adaugă server",
    "Nitrox_AddServerAdd": "Adăugă",
    "Nitrox_AddServerHost": "Gazdă:",
    "Nitrox_AddServerName": "Nume:",
    "Nitrox_AddServerPort": "Port:",
    "Nitrox_Cancel": "Anulare",
    "Nitrox_CommandNotAvailable": "Acestă comandă nu este disponibilă în Nitrox",
    "Nitrox_ConnectTo": "Conectează la",
    "Nitrox_DisconnectedSession": "Deconectat de la server",
    "Nitrox_DiscordAccept": "Acceptă",
    "Nitrox_DiscordDecline": "Respinge",
    "Nitrox_DiscordInGame": "Jucănd ca {PLAYER}",
    "Nitrox_DiscordInGameState": "Scufundă în abis",
    "Nitrox_DiscordMainMenuState": "Păndind în meniu",
    "Nitrox_DiscordMultiplayerMenu": "Vă rugăm să apăsați pe butonul Multiplayer din meniul principal dacă doriți să vă alăturați unei sesiuni",
    "Nitrox_DiscordPressToFocus": "Apasă ca să deblochezi",
    "Nitrox_DiscordRequestText": "S-a solicitat să se alăture sesiunii dvs",
    "Nitrox_EnterName": "Introduceți numele jucătorului dvs",
    "Nitrox_Failure": "O Eroare a avut loc",
    "Nitrox_FirewallInterfering": "Se pare că setările firewall-ului tău interferează",
    "Nitrox_HideIp": "Ascundeți adresele IP",
    "Nitrox_HidePing": "Ascunde Ping",
    "Nitrox_InvalidUserName": "Te rugăm să introduci un nume de jucător valid!\n\n Trebuie să nu conțină spațiu sau caractere ambigue\n Caracterele permise : A-Z a-z 0-9 _ . -\nLungime : [3, 25]",
    "Nitrox_Join": "Alătură-te",
    "Nitrox_JoinServerFailed": "Nu te poți alătura serverului",
    "Nitrox_JoinServerIpAddress": "Adresa IP a serverului",
    "Nitrox_JoinServerPassword": "Parola:",
    "Nitrox_JoinServerPasswordHeader": "Parola serverului este necesară",
    "Nitrox_JoiningSession": "Alăturarea la sesiune Multiplayer",
    "Nitrox_Kick": "Dă Afară pe {PLAYER]",
    "Nitrox_KickQuestion": "Dă Afară pe {PLAYER}?",
    "Nitrox_LaunchGame": "Se lansează jocul…",
    "Nitrox_LoadingScreenWarn": "Versiune modificată de Papela\nAșteptați-vă erori care pot distruge jocul",
    "Nitrox_LostConnection": "Conexiune pierdută la serverul jocului",
    "Nitrox_LostConnectionWarn": "Nu mai sunțeti conectat la Server",
    "Nitrox_Multiplayer": "Multiplayer",
    "Nitrox_MultiplayerLoaded": "Clientul Multiplayer încărcat…",
    "Nitrox_Mute": "Dezactivează {PLAYER}",
    "Nitrox_MuteQuestion": "Dezactivează {PLAYER}?",
    "Nitrox_MutedPlayer": "Dezactivează {PLAYER}",
    "Nitrox_PlayerColor": "Culoarea jucătorului",
    "Nitrox_PlayerKicked": "Ai fost dat afară de pe server",
    "Nitrox_PlayerListTabName": "Listă de Playeri",
    "Nitrox_RejectedSessionPolicy": "Rezervare respinsă…",
    "Nitrox_RequestingSessionPolicy": "Se solicită informații despre politica sesiunii…",
    "Nitrox_ServerStopped": "Serverul a fost oprit",
    "Nitrox_ShowPing": "Arată Ping",
    "Nitrox_SilenceChat": "Ascundeți chat-ul",
    "Nitrox_SilencedChatNotif": "Chat-ul este acum dezactivat",
    "Nitrox_StartServer": "Pornește mai întâi serverul pentru a te alătura lumii găzduite de tine",
    "Nitrox_StreamerSettings": "Mod Streamer",
    "Nitrox_SubmitPassword": "Trimite parola",
    "Nitrox_SyncingWorld": "Sincronizarea Lumii Multiplayer…",
    "Nitrox_TeleportTo": "Teleportați la {PLAYER}",
    "Nitrox_TeleportToMe": "Teleportează {PLAYER} către mine",
    "Nitrox_TeleportToMeQuestion": "Teleportează {PLAYER} către mine ?",
    "Nitrox_TeleportToQuestion": "Teleportați la {PLAYER}?",
    "Nitrox_ThankForPlaying": "Vă mulțumim pentru utilizarea Nitrox!",
    "Nitrox_UnableToConnect": "Nu se poate contacta serverul de la distanță la:",
    "Nitrox_Unmute": "Activează {PLAYER}",
    "Nitrox_UnmuteQuestion": "Activează {PLAYER}?",
    "Nitrox_UnmutedPlayer": "Activează {PLAYER}",
    "Nitrox_Waiting": "Așteptând în coadă de așteptare pentru a se alătura serverului…",
    "Nitrox_WaitingPassword": "Se așteaptă introducerea parolei serverului…",
    "Nitrox_WaitingUserInput": "Se așteaptă datele introduse de utilizator…",
    "Nitrox_WorldSettling": "În așteptarea Stabilirii Lumii…"
}
