{
    "Nitrox_AddServer": "Добавить сервер",
    "Nitrox_AddServerAdd": "Добавить",
    "Nitrox_AddServerHost": "Адрес:",
    "Nitrox_AddServerName": "Имя сервера:",
    "Nitrox_AddServerPort": "Порт:",
    "Nitrox_Cancel": "Отмена",
    "Nitrox_CommandNotAvailable": "Эта команда недоступна в Nitrox",
    "Nitrox_ConnectTo": "Подключиться к",
    "Nitrox_DisconnectedSession": "Отключение от сервера",
    "Nitrox_DiscordAccept": "Принять",
    "Nitrox_DiscordDecline": "Отклонить",
    "Nitrox_DiscordInGame": "Играть как {PLAYER} - (Papela Mod)",
    "Nitrox_DiscordInGameState": "Погружается в бездну",
    "Nitrox_DiscordMainMenuState": "Спрятался в меню",
    "Nitrox_DiscordMultiplayerMenu": "Пожалуйста, нажмите на кнопку «Многопользовательская игра» в главном меню, если вы хотите присоединиться к серверу",
    "Nitrox_DiscordPressToFocus": "Нажмите чтобы разблокировать",
    "Nitrox_DiscordRequestText": "Запросил подключение к вашей сессии",
    "Nitrox_EnterName": "Имя игрока",
    "Nitrox_Failure": "Произошла ошибка",
    "Nitrox_FirewallInterfering": "Некорректные настройки брандмауэра",
    "Nitrox_HideIp": "Скрыть IP-адреса",
    "Nitrox_HidePing": "Скрыть Пинг",
    "Nitrox_InvalidUserName": "Пожалуйста введите корректное имя!\n\nОн не может содержать пробелов или сомнительных символов\nДоступные символы: A-Z a-z 0-9 _ . -\nДлинна: [3, 25]",
    "Nitrox_Join": "Войти",
    "Nitrox_JoinServerFailed": "Не удаётся подключится к серверу",
    "Nitrox_JoinServerIpAddress": "IP сервера",
    "Nitrox_JoinServerPassword": "Пароль:",
    "Nitrox_JoinServerPasswordHeader": "Необходим пароль",
    "Nitrox_JoiningSession": "Вход в сетевую игру",
    "Nitrox_Kick": "Выгнать {PLAYER}",
    "Nitrox_KickQuestion": "Выгнать {PLAYER}?",
    "Nitrox_LaunchGame": "Загрузка игры…",
    "Nitrox_LoadingScreenWarn": "Версия изменена Papela\nОсторожно, иногда могут возникать ошибки",
    "Nitrox_LostConnection": "Потеряно соединение с сервером",
    "Nitrox_LostConnectionWarn": "Больше не подключается к серверу",
    "Nitrox_Multiplayer": "Сетевая игра",
    "Nitrox_MultiplayerLoaded": "Загрузка сетевой игры…",
    "Nitrox_Mute": "Заглушить {PLAYER}",
    "Nitrox_MuteQuestion": "Заглушить {PLAYER}?",
    "Nitrox_MutedPlayer": "{PLAYER} заглушен",
    "Nitrox_PlayerColor": "Цвет игрока",
    "Nitrox_PlayerKicked": "Вы были исключены с сервера",
    "Nitrox_PlayerListTabName": "Список игроков",
    "Nitrox_RejectedSessionPolicy": "Бронирование отклонено…",
    "Nitrox_RequestingSessionPolicy": "Запрос информации о политике сеанса…",
    "Nitrox_ServerStopped": "Сервер был остановлен",
    "Nitrox_ShowPing": "Показать задержку",
    "Nitrox_SilenceChat": "Отключить звук в чате",
    "Nitrox_SilencedChatNotif": "Чат теперь отключен",
    "Nitrox_StartServer": "Сначала запустите свой сервер, чтобы присоединиться к вашему автономному миру",
    "Nitrox_StreamerSettings": "Режим стримера",
    "Nitrox_SubmitPassword": "Подтвердить",
    "Nitrox_SyncingWorld": "Синхронизация мира…",
    "Nitrox_TeleportTo": "Телепортироваться к {PLAYER}",
    "Nitrox_TeleportToMe": "Телепортировать {PLAYER} ко мне",
    "Nitrox_TeleportToMeQuestion": "Телепортировать {PLAYER} ко мне?",
    "Nitrox_TeleportToQuestion": "Телепортироваться к {PLAYER} ?",
    "Nitrox_ThankForPlaying": "Спасибо за использование Nitrox!",
    "Nitrox_UnableToConnect": "Невозможно связаться с сервером по адресу:",
    "Nitrox_Unmute": "Включить звук {ИГРОК}",
    "Nitrox_UnmuteQuestion": "Включить звук {ИГРОК}?",
    "Nitrox_UnmutedPlayer": "Звук {PLAYER} включен",
    "Nitrox_Waiting": "Ожидание в очереди на подключение…",
    "Nitrox_WaitingPassword": "Ожидание ввода пароля сервера…",
    "Nitrox_WaitingUserInput": "Ожидание ввода данных пользователем…",
    "Nitrox_WorldSettling": "В ожидании заселения мира…"
}
