{
    "Nitrox_AddServer": "Pridať server",
    "Nitrox_AddServerAdd": "Pridať",
    "Nitrox_AddServerHost": "Adresa:",
    "Nitrox_AddServerName": "Názov:",
    "Nitrox_AddServerPort": "Port:",
    "Nitrox_Cancel": "Zrušiť",
    "Nitrox_ConnectTo": "Pripojiť sa na",
    "Nitrox_DisconnectedSession": "Odpojený zo serveru",
    "Nitrox_EnterName": "Meno hráča",
    "Nitrox_FirewallInterfering": "Vyzerá, že vám bránia vaše nastavenia firewallu",
    "Nitrox_HideIp": "Skryť IP adresy",
    "Nitrox_InvalidUserName": "Prosím zadajte platné meno !\n\n Nemôžu v ňom byť medzery ani pochybné znaky.\n Povolené znaky : A-Z a-z 0-9 _ . -\nDĺžka : [3, 25]",
    "Nitrox_Join": "Pripojiť sa",
    "Nitrox_JoinServerFailed": "Nedá sa pripojiť na server",
    "Nitrox_JoinServerIpAddress": "IP adresa servera",
    "Nitrox_JoinServerPassword": "Heslo:",
    "Nitrox_JoinServerPasswordHeader": "Server požaduje heslo",
    "Nitrox_JoiningSession": "Pripájam sa do hry",
    "Nitrox_LaunchGame": "Spúštam hru…",
    "Nitrox_LoadingScreenWarn": "Očakávajte chyby, ktoré kazia hru",
    "Nitrox_LostConnection": "Strata pripojenia k serveru",
    "Nitrox_Multiplayer": "Hrať spoločne",
    "Nitrox_MultiplayerLoaded": "Multiplayer klient načítaný…",
    "Nitrox_PlayerColor": "Farba hráča",
    "Nitrox_PlayerKicked": "Boli ste vyhodený zo serveru",
    "Nitrox_RejectedSessionPolicy": "Rezervácia odmietnutá…",
    "Nitrox_RequestingSessionPolicy": "Pýtam pravidlá relácie…",
    "Nitrox_SilenceChat": "Vypnutie chatu",
    "Nitrox_SilencedChatNotif": "Chat je teraz stlmený",
    "Nitrox_StartServer": "Najprv spustite server aby ste sa mohli pripojiť do vášho sveta",
    "Nitrox_StreamerSettings": "Režim streamer",
    "Nitrox_SubmitPassword": "Použiť",
    "Nitrox_SyncingWorld": "Synchronizujem svet…",
    "Nitrox_UnableToConnect": "Nedá sa kontaktovať server na:",
    "Nitrox_Waiting": "Čakanie vo fronte pripojení…",
    "Nitrox_WaitingPassword": "Čakám na zadanie hesla…",
    "Nitrox_WaitingUserInput": "Čakám na vstup od používateľa…",
    "Nitrox_WorldSettling": "Čakám na nastavenia sveta…"
}
