{
    "Nitrox_AddServer": "Lägg till server",
    "Nitrox_AddServerAdd": "Lägg till",
    "Nitrox_AddServerHost": "Host:",
    "Nitrox_AddServerName": "Namn:",
    "Nitrox_AddServerPort": "Port:",
    "Nitrox_Cancel": "Avbryt",
    "Nitrox_CommandNotAvailable": "Detta kommando är inte tillgängligt i Nitrox",
    "Nitrox_ConnectTo": "Anslut till",
    "Nitrox_DisconnectedSession": "Frånkopplad från servern",
    "Nitrox_DiscordAccept": "Acceptera",
    "Nitrox_DiscordDecline": "Neka",
    "Nitrox_DiscordPressToFocus": "Tryck för att låsa upp",
    "Nitrox_DiscordRequestText": "Har begärt att få gå med i din session",
    "Nitrox_EnterName": "Spelar Namn",
    "Nitrox_FirewallInterfering": "Det verkar som om dina brandväggsinställningar stör",
    "Nitrox_HideIp": "Dölj IP-adresser",
    "Nitrox_InvalidUserName": "Vänligen ange ett giltigt spelarnamn!\n\nDen får inte innehålla mellanslag eller tveksamma tecken\nTillåtna tecken: A-Z a-z 0-9 _ . -\nLängd : [3, 25]",
    "Nitrox_Join": "Anslut",
    "Nitrox_JoinServerFailed": "Gick inte att ansluta till servern",
    "Nitrox_JoinServerIpAddress": "Server IP",
    "Nitrox_JoinServerPassword": "Lösenord:",
    "Nitrox_JoinServerPasswordHeader": "Serverlösenord krävs",
    "Nitrox_JoiningSession": "Gå med i multiplayer-session",
    "Nitrox_LaunchGame": "Startar spel…",
    "Nitrox_LoadingScreenWarn": "Räkna med spelbrytande buggar",
    "Nitrox_LostConnection": "Förlorade anslutningen till spelservern",
    "Nitrox_LostConnectionWarn": "Inte längre ansluten till servern",
    "Nitrox_Multiplayer": "Multiplayer",
    "Nitrox_MultiplayerLoaded": "Multiplayer-klient laddad…",
    "Nitrox_PlayerColor": "Spelar färg",
    "Nitrox_PlayerKicked": "Du har blivit sparkad från servern",
    "Nitrox_RejectedSessionPolicy": "Reservation avvisades…",
    "Nitrox_RequestingSessionPolicy": "Begär information om sessionspolicy…",
    "Nitrox_ServerStopped": "Servern stannade",
    "Nitrox_SilenceChat": "Tyst lägg på chatten",
    "Nitrox_SilencedChatNotif": "Chatten är nu avstängd",
    "Nitrox_StartServer": "Starta din server först för kunna ansluta till din egen värld",
    "Nitrox_StreamerSettings": "Streamerläge",
    "Nitrox_SubmitPassword": "Skicka in",
    "Nitrox_SyncingWorld": "Synkroniserar Multiplayer Värld…",
    "Nitrox_UnableToConnect": "Det går inte att ansluta till fjärrservern på:",
    "Nitrox_Waiting": "Väntar att gå med i kö…",
    "Nitrox_WaitingPassword": "Väntar på inmatning av serverlösenord…",
    "Nitrox_WaitingUserInput": "Väntar på användarinmatning…",
    "Nitrox_WorldSettling": "Väntar på världsupplösning…"
}
