{
    "Nitrox_AddServer": "เพิ่มเซิฟเวอร์",
    "Nitrox_AddServerAdd": "เพิ่ม",
    "Nitrox_AddServerHost": "เจ้าของเซิฟเวอร์",
    "Nitrox_AddServerName": "ชื่อ:",
    "Nitrox_AddServerPort": "พอร์ต",
    "Nitrox_Cancel": "ยกเลิก",
    "Nitrox_CommandNotAvailable": "คำสั่งนี้ไม่มีอยู่ใน Nitrox",
    "Nitrox_ConnectTo": "เชื่อมต่อกับ",
    "Nitrox_DisconnectedSession": "ถูกตัดการเชื่อมต่อจากเซิฟเวอร์",
    "Nitrox_DiscordAccept": "ยอมรับ",
    "Nitrox_DiscordDecline": "ปฏิเสธ",
    "Nitrox_DiscordPressToFocus": "กดเพื่อปลดล็อค",
    "Nitrox_DiscordRequestText": "ได้ขอเข้าร่วมห้องของคุณ",
    "Nitrox_EnterName": "ใส่ชื่อผู้เล่นของคุณ",
    "Nitrox_FirewallInterfering": "ดูเหมือนว่าการตั้งค่า Firewall ของคุณจะเข้ามารบกวน",
    "Nitrox_HideIp": "ซ่อน IP addresses",
    "Nitrox_HidePing": "ซ่อนปิง",
    "Nitrox_InvalidUserName": "โปรดใส่ชื่อให้ถูกต้อง.\n\nชื่อไม่ควรมีตัวเว้นว่าง หรือตัวอักษรพิเศษ\nตัวอักษรที่ใช้ได้: A-Z a-z 0-9 _,-\nความยาว: [3, 25]",
    "Nitrox_Join": "เข้าร่วม",
    "Nitrox_JoinServerFailed": "ไม่สามารถเข้าร่วมเซิฟเวอร์ได้",
    "Nitrox_JoinServerIpAddress": "IP เซิฟเวอร์",
    "Nitrox_JoinServerPassword": "รหัสผ่าน:",
    "Nitrox_JoinServerPasswordHeader": "ต้องใส่รหัสผ่านของเซิฟเวอร์",
    "Nitrox_JoiningSession": "กำลังเข้าร่วมห้อง Multiplayer",
    "Nitrox_Kick": "เตะ {ผู้เล่น}",
    "Nitrox_KickQuestion": "เตะ {ผูเล่น}?",
    "Nitrox_LaunchGame": "กำลังเปิดเกม…",
    "Nitrox_LoadingScreenWarn": "อาจจะเจอบัคที่พังเกมได้",
    "Nitrox_LostConnection": "ขาดการเชื่อมต่อจากเซิฟเวอร์",
    "Nitrox_LostConnectionWarn": "ไม่ได้เชื่อมต่อเซิฟเวอร์ต่อไปแล้ว",
    "Nitrox_Multiplayer": "ผู้เล่นหลายคน"
}
