{
    "Nitrox_AddServer": "Sunucu Ekle",
    "Nitrox_AddServerAdd": "Ekle",
    "Nitrox_AddServerHost": "Sunucu:",
    "Nitrox_AddServerName": "Ad:",
    "Nitrox_AddServerPort": "Bağlantı Noktası:",
    "Nitrox_Cancel": "İptal",
    "Nitrox_CommandNotAvailable": "Bu komut Nitrox'ta kullanılabilir değil",
    "Nitrox_ConnectTo": "Sunucuya Bağlan",
    "Nitrox_DisconnectedSession": "Sunucu bağlantısı kesildi",
    "Nitrox_DiscordAccept": "Kabul et",
    "Nitrox_DiscordDecline": "Reddet",
    "Nitrox_DiscordPressToFocus": "Kilidi açmak için basın",
    "Nitrox_DiscordRequestText": "Oturumunuza katılmak istedi",
    "Nitrox_EnterName": "Oyuncu adınızı girin",
    "Nitrox_FirewallInterfering": "Güvenlik duvarı ayarları düzgün yapılmamış görünüyor",
    "Nitrox_HideIp": "IP adreslerini gizle",
    "Nitrox_InvalidUserName": "Lütfen geçerli bir kullanıcı adı girin.\n\nBoşluk veya özel karakter içermemelidir\nİzin verilen karakterler: A-Z a-z 0-9 _ . -\nUzunluk: [3, 25]",
    "Nitrox_Join": "Katıl",
    "Nitrox_JoinServerFailed": "Sunucuya bağlanılamadı",
    "Nitrox_JoinServerIpAddress": "Sunucu IP'si",
    "Nitrox_JoinServerPassword": "Parola:",
    "Nitrox_JoinServerPasswordHeader": "Sunucu parolası gerekli",
    "Nitrox_JoiningSession": "Sunucuya Bağlanılıyor",
    "Nitrox_LaunchGame": "Oyun başlatılıyor…",
    "Nitrox_LoadingScreenWarn": "Oyunu bozacak hatalar",
    "Nitrox_LostConnection": "Oyun sunucusuyla bağlantı kesildi",
    "Nitrox_LostConnectionWarn": "Artık sunucuya bağlı değil",
    "Nitrox_Multiplayer": "Çok Oyunculu",
    "Nitrox_MultiplayerLoaded": "Çok oyunculu istemci yüklendi…",
    "Nitrox_PlayerColor": "Oyuncu Rengi",
    "Nitrox_PlayerKicked": "Sunucudan atıldınız",
    "Nitrox_RejectedSessionPolicy": "Rezervasyon reddedildi…",
    "Nitrox_RequestingSessionPolicy": "Oturum bilgileri alınıyor…",
    "Nitrox_ServerStopped": "Sunucu durduruldu",
    "Nitrox_SilenceChat": "Sohbeti sessize al",
    "Nitrox_SilencedChatNotif": "Sohbet artık sessiz",
    "Nitrox_StartServer": "Kendi dünyanıza katılmak için önce sunucu başlatmalısınız",
    "Nitrox_StreamerSettings": "Yayıncı modu",
    "Nitrox_SubmitPassword": "Gönder",
    "Nitrox_SyncingWorld": "Dünya Eşzamanlanıyor…",
    "Nitrox_UnableToConnect": "Bu uzak sunucu ile iletişim kurulamıyor:",
    "Nitrox_Waiting": "Katılma kuyruğunda bekleniyor…",
    "Nitrox_WaitingPassword": "Sunucu parolası girilmesi bekleniyor…",
    "Nitrox_WaitingUserInput": "Kullanıcı adı girilmesi bekleniyor…",
    "Nitrox_WorldSettling": "Dünya Yerleşimi Bekleniyor…"
}
