{
    "Nitrox_AddServer": "Додати сервер",
    "Nitrox_AddServerAdd": "Додати",
    "Nitrox_AddServerHost": "Адреса:",
    "Nitrox_AddServerName": "Ім'я:",
    "Nitrox_AddServerPort": "Порт:",
    "Nitrox_Cancel": "Скасувати",
    "Nitrox_CommandNotAvailable": "Ця команда недоступна в Nitrox",
    "Nitrox_ConnectTo": "З'єднатися з",
    "Nitrox_DisconnectedSession": "Від'єднано від сервера",
    "Nitrox_DiscordAccept": "Прийняти",
    "Nitrox_DiscordDecline": "Відхилити",
    "Nitrox_DiscordPressToFocus": "Натисніть для розблокування",
    "Nitrox_DiscordRequestText": "Запитує на приєднання до вашого сеансу",
    "Nitrox_EnterName": "Введіть своє ім'я гравця",
    "Nitrox_FirewallInterfering": "Схоже, що заважають налаштування вашого брандмауера",
    "Nitrox_HideIp": "Приховати IP-адреси",
    "Nitrox_HidePing": "Сховати Пінг",
    "Nitrox_InvalidUserName": "Будь ласка, введіть припустиме ім'я гравця.\n\nВоно не може містити пробіл чи недозволені символи\nДозволені символи: A-Z a-z 0-9 _.-\nДовжина: [3, 25]",
    "Nitrox_Join": "Приєднатись",
    "Nitrox_JoinServerFailed": "Не вдалося приєднатися до сервера",
    "Nitrox_JoinServerIpAddress": "IP сервера",
    "Nitrox_JoinServerPassword": "Пароль:",
    "Nitrox_JoinServerPasswordHeader": "Потрібен пароль сервера",
    "Nitrox_JoiningSession": "Приєднання до багатокористувацької гри",
    "Nitrox_Kick": "Вигнати {PLAYER}",
    "Nitrox_KickQuestion": "Вигнати гравця {PLAYER}?",
    "Nitrox_LaunchGame": "Запуск гри…",
    "Nitrox_LoadingScreenWarn": "Версія змінена Papela\nМожливі помилки, що порушують ігровий процес",
    "Nitrox_LostConnection": "Втрачено з'єднання з ігровим сервером",
    "Nitrox_LostConnectionWarn": "Більше не підключено до сервера",
    "Nitrox_Multiplayer": "Багатокористувацька гра",
    "Nitrox_MultiplayerLoaded": "Клієнт багатокористувацької гри завантажено…",
    "Nitrox_Mute": "Вимкнути звук {PLAYER}",
    "Nitrox_MuteQuestion": "Заглушити гравця {PLAYER}?",
    "Nitrox_MutedPlayer": "Звук вимкнено {PLAYER}",
    "Nitrox_PlayerColor": "Колір гравця",
    "Nitrox_PlayerKicked": "Вас виштовхнули з сервера",
    "Nitrox_PlayerListTabName": "Список гравців",
    "Nitrox_RejectedSessionPolicy": "Бронювання відхилено…",
    "Nitrox_RequestingSessionPolicy": "Запит інформації про політику сеансу…",
    "Nitrox_ServerStopped": "Сервер зупинено",
    "Nitrox_ShowPing": "Показати Пінг",
    "Nitrox_SilenceChat": "Вимкнути звук у чаті",
    "Nitrox_SilencedChatNotif": "Звук у чаті вимкнено",
    "Nitrox_StartServer": "Спершу запустіть свій сервер, щоб приєднатися до самостійно розміщеного світу",
    "Nitrox_StreamerSettings": "Режим стримера",
    "Nitrox_SubmitPassword": "Прийняти",
    "Nitrox_SyncingWorld": "Синхронізація багатокористувацького світу…",
    "Nitrox_TeleportTo": "Телепортуватися до {PLAYER}",
    "Nitrox_TeleportToMe": "Телепортувати {PLAYER} до мене",
    "Nitrox_TeleportToMeQuestion": "Перемістити гравця {PLAYER} до себе ?",
    "Nitrox_TeleportToQuestion": "Переміститися до гравця {PLAYER} ?",
    "Nitrox_UnableToConnect": "Не вдається зв'язатися з віддаленим сервером за адресою:",
    "Nitrox_Unmute": "Увімкнути звук {PLAYER}",
    "Nitrox_UnmuteQuestion": "Увімкнути звук гравця {PLAYER}?",
    "Nitrox_UnmutedPlayer": "Звук увімкнено {PLAYER}",
    "Nitrox_Waiting": "Очікування в черзі на приєднання…",
    "Nitrox_WaitingPassword": "Очікування введення пароля сервера…",
    "Nitrox_WaitingUserInput": "Очікування на введення даних користувача…",
    "Nitrox_WorldSettling": "Очікування на стабілізацію ігрового світу…"
}
