{
    "Nitrox_AddServer": "Thêm Server",
    "Nitrox_AddServerAdd": "Thêm",
    "Nitrox_AddServerHost": "Host:",
    "Nitrox_AddServerName": "Tên:",
    "Nitrox_AddServerPort": "Cổng:",
    "Nitrox_Cancel": "Hủy",
    "Nitrox_CommandNotAvailable": "Lệnh này không khả dụng trong Nitrox",
    "Nitrox_ConnectTo": "Kết nối vào",
    "Nitrox_DisconnectedSession": "Ngắt kết nối với server",
    "Nitrox_DiscordAccept": "Chấp nhận",
    "Nitrox_DiscordDecline": "Từ chối",
    "Nitrox_DiscordPressToFocus": "Bấm để mở khóa",
    "Nitrox_DiscordRequestText": "yêu cầu tham gia server",
    "Nitrox_EnterName": "Nhập vào tên người chơi",
    "Nitrox_FirewallInterfering": "Tường lửa của bạn có thể đang can thiệp",
    "Nitrox_HideIp": "Ẩn địa chỉ IP",
    "Nitrox_HidePing": "Ẩn ping",
    "Nitrox_InvalidUserName": "Hãy nhập tên hợp lệ\n\nTên người chơi không thể chứa khoảng cách hoặc ký tự không rõ\nCác ký tự cho phép: A-Z a-z 0-9 _.-\nĐộ dài: [3, 25]",
    "Nitrox_Join": "Gia nhập",
    "Nitrox_JoinServerFailed": "Không thể kết nối tới máy chủ",
    "Nitrox_JoinServerIpAddress": "IP của máy chủ",
    "Nitrox_JoinServerPassword": "Mật khẩu:",
    "Nitrox_JoinServerPasswordHeader": "Cần có mật khẩu máy chủ",
    "Nitrox_JoiningSession": "Đang gia nhập phiên nhiều người chơi",
    "Nitrox_Kick": "Đá {PLAYER}",
    "Nitrox_KickQuestion": "Đá {PLAYER}?",
    "Nitrox_LaunchGame": "Khởi động game…",
    "Nitrox_LoadingScreenWarn": "Vẫn còn nhiều lỗi lớn trong game",
    "Nitrox_LostConnection": "Mất kết nối tới máy chủ",
    "Nitrox_LostConnectionWarn": "Đã mất kết nối",
    "Nitrox_Multiplayer": "Đa người chơi",
    "Nitrox_MultiplayerLoaded": "Đã tải xong client đa người chơi…",
    "Nitrox_Mute": "Tắt tiếng {PLAYER}",
    "Nitrox_MuteQuestion": "Tắt tiếng {PLAYER}?",
    "Nitrox_MutedPlayer": "Đã tắt tiếng {PLAYER}",
    "Nitrox_PlayerColor": "Màu của người chơi",
    "Nitrox_PlayerKicked": "Bạn đã bị đá khỏi sever",
    "Nitrox_PlayerListTabName": "Danh sách người chơi",
    "Nitrox_RejectedSessionPolicy": "Từ chối giữ chỗ…",
    "Nitrox_RequestingSessionPolicy": "Đang yêu cầu thông tin về chính sách của phiên…",
    "Nitrox_ServerStopped": "Sever đã ngừng",
    "Nitrox_ShowPing": "Hiển thị ping",
    "Nitrox_SilenceChat": "Tắt trò chuyện",
    "Nitrox_SilencedChatNotif": "Trò chuyện đã được tắt",
    "Nitrox_StartServer": "Khởi động máy chủ của bạn trước để tham gia thế giới được tự tổ chức bởi bạn",
    "Nitrox_StreamerSettings": "Chế độ phát trực tiếp",
    "Nitrox_SubmitPassword": "Gửi",
    "Nitrox_SyncingWorld": "Đồng bộ hóa thế giới đa người chơi…",
    "Nitrox_TeleportTo": "Dịch chuyển đến {PLAYER}",
    "Nitrox_TeleportToMe": "Dịch chuyển {PLAYER} đến bản thân",
    "Nitrox_TeleportToMeQuestion": "Dịch chuyển {PLAYER} đến bản thân?",
    "Nitrox_TeleportToQuestion": "Dịch chuyển đến {PLAYER}?",
    "Nitrox_UnableToConnect": "Không thể liên hệ tới máy chủ từ xa tại:",
    "Nitrox_Unmute": "Bật tiếng {PLAYER}",
    "Nitrox_UnmuteQuestion": "Bật tiếng {PLAYER}?",
    "Nitrox_UnmutedPlayer": "Đã bật tiếng {PLAYER}",
    "Nitrox_Waiting": "Đang trong hàng chờ…",
    "Nitrox_WaitingPassword": "Đang chờ nhập vào mật khẩu máy chủ…",
    "Nitrox_WaitingUserInput": "Đang chờ nhập vào người dùng…",
    "Nitrox_WorldSettling": "Đang chờ ổn định thế giới…"
}
