{
    "Nitrox_AddServer": "添加服务器",
    "Nitrox_AddServerAdd": "添加",
    "Nitrox_AddServerHost": "主机:",
    "Nitrox_AddServerName": "名称:",
    "Nitrox_AddServerPort": "端口:",
    "Nitrox_Cancel": "取消",
    "Nitrox_CommandNotAvailable": "Nitrox: 该指令不可用",
    "Nitrox_ConnectTo": "连接至",
    "Nitrox_DisconnectedSession": "离开服务器",
    "Nitrox_DiscordAccept": "接受",
    "Nitrox_DiscordDecline": "拒绝",
    "Nitrox_DiscordPressToFocus": "点击解锁",
    "Nitrox_DiscordRequestText": "请求加入您的会话",
    "Nitrox_EnterName": "输入您的玩家名",
    "Nitrox_FirewallInterfering": "您的防火墙设置可能存在干扰",
    "Nitrox_HideIp": "隐藏 IP 地址",
    "Nitrox_HidePing": "隐藏ping",
    "Nitrox_InvalidUserName": "请输入一个合法的玩家名\n\n不含空格和特殊字符\n允许的字符: A-Z a-z 0-9 _ . -\n长度限制: 3~25",
    "Nitrox_Join": "加入",
    "Nitrox_JoinServerFailed": "无法加入服务器",
    "Nitrox_JoinServerIpAddress": "服务器 IP",
    "Nitrox_JoinServerPassword": "密码:",
    "Nitrox_JoinServerPasswordHeader": "服务器需要密码",
    "Nitrox_JoiningSession": "正在加入多人会话",
    "Nitrox_Kick": "踢出 {PLAYER}",
    "Nitrox_KickQuestion": "是否踢出 {PLAYER}?",
    "Nitrox_LaunchGame": "正在启动游戏…",
    "Nitrox_LoadingScreenWarn": "期待破坏游戏的 bugs",
    "Nitrox_LostConnection": "失去与服务器的连接",
    "Nitrox_LostConnectionWarn": "与服务器连接不稳定",
    "Nitrox_Multiplayer": "多人游戏",
    "Nitrox_MultiplayerLoaded": "联机客户端加载…",
    "Nitrox_Mute": "禁言 {PLAYER}",
    "Nitrox_MuteQuestion": "是否禁言 {PLAYER}?",
    "Nitrox_MutedPlayer": "已禁言 {PLAYER}",
    "Nitrox_PlayerColor": "玩家颜色",
    "Nitrox_PlayerKicked": "您已被请出服务器",
    "Nitrox_PlayerListTabName": "玩家列表",
    "Nitrox_RejectedSessionPolicy": "会话配置被拒绝…",
    "Nitrox_RequestingSessionPolicy": "正在请求会话配置信息…",
    "Nitrox_ServerStopped": "服务器已关闭",
    "Nitrox_ShowPing": "显示ping",
    "Nitrox_SilenceChat": "禁言聊天",
    "Nitrox_SilencedChatNotif": "聊天已禁言",
    "Nitrox_StartServer": "首先启动您的服务器以加入您自己的世界",
    "Nitrox_StreamerSettings": "主播模式",
    "Nitrox_SubmitPassword": "提交",
    "Nitrox_SyncingWorld": "同步多人世界中…",
    "Nitrox_TeleportTo": "传送至 {PLAYER}",
    "Nitrox_TeleportToMe": "将 {PLAYER} 传送到我身边",
    "Nitrox_TeleportToMeQuestion": "将 {PLAYER} 传送到我身边?",
    "Nitrox_TeleportToQuestion": "传送至 {PLAYER}?",
    "Nitrox_UnableToConnect": "无法连接至远程服务器:",
    "Nitrox_Unmute": "解除禁言 {PLAYER}",
    "Nitrox_UnmuteQuestion": "是否解除禁言 {PLAYER}?",
    "Nitrox_UnmutedPlayer": "已取消禁言 {PLAYER}",
    "Nitrox_Waiting": "等待加入中…",
    "Nitrox_WaitingPassword": "等待输入服务器密码中…",
    "Nitrox_WaitingUserInput": "等待用户输入中…",
    "Nitrox_WorldSettling": "等待世界生成中…"
}
